{
  "global evidence": 3.3072398693018616, 
  "modes": [
    {
      "index": 0, 
      "local log-evidence": 3.3072398693018616, 
      "strictly local log-evidence": 3.3072398693018616, 
      "local log-evidence error": 0.12112587877584116, 
      "maximum": [
        2.996956437089479, 
        2.1322130562864707, 
        17.245034349681283, 
        -2.037075455046482, 
        -2.0, 
        1.0, 
        5.129169493375949, 
        15.207958894634801, 
        0.4751545573642569, 
        0.37920547283369677, 
        0.3096997723651475, 
        0.01967644862669763, 
        0.023652137966576343, 
        0.01292787665253862
      ], 
      "maximum a posterior": [
        2.996956437089479, 
        2.1322130562864707, 
        17.245034349681283, 
        -2.037075455046482, 
        -2.0, 
        1.0, 
        5.129169493375949, 
        15.207958894634801, 
        0.4751545573642569, 
        0.37920547283369677, 
        0.3096997723651475, 
        0.01967644862669763, 
        0.023652137966576343, 
        0.01292787665253862
      ], 
      "sigma": [
        1.312627839963625, 
        0.7747479394178572, 
        0.4177888982750885, 
        0.39022085251824384, 
        NaN, 
        NaN, 
        0.7639985322361664, 
        0.13883169620129418, 
        0.02794719360222718, 
        0.01993225364649912, 
        0.042812419238547235, 
        0.0025942150282499345, 
        0.012181331054872289, 
        0.01843768820984005
      ], 
      "strictly local log-evidence error": 0.12112587877584116, 
      "mean": [
        3.512147818261552, 
        2.0898418230102487, 
        17.07579538238858, 
        -1.8087721539261328, 
        -2.000000000000001, 
        1.0000000000000004, 
        5.6019896412717936, 
        15.267023228462405, 
        0.47395744544351054, 
        0.3779862310890692, 
        0.2951583663953406, 
        0.01957546811275362, 
        0.02610112335817726, 
        0.01776024943672832
      ]
    }
  ], 
  "nested sampling global log-evidence": 3.3072398693018616, 
  "marginals": [
    {
      "5sigma": [
        2.001608076426584, 
        6.496808440154793
      ], 
      "3sigma": [
        2.0079998715418426, 
        6.480053075052681
      ], 
      "median": 2.993863664624684, 
      "q90%": 5.756769621258726, 
      "q10%": 2.214573625074171, 
      "q25%": 2.463713760321396, 
      "q01%": 2.039224997642014, 
      "q75%": 4.569154640644565, 
      "1sigma": [
        2.3042864059381705, 
        5.302794547008167
      ], 
      "2sigma": [
        2.080170730338467, 
        6.282671934305663
      ], 
      "q99%": 6.421231041920291, 
      "sigma": 1.4992540705349984
    }, 
    {
      "5sigma": [
        0.5345311283644278, 
        3.4997609506482106
      ], 
      "3sigma": [
        0.8498583401947565, 
        3.484722320718516
      ], 
      "median": 2.199879351619094, 
      "q90%": 3.1146081855250656, 
      "q10%": 1.0485566527022239, 
      "q25%": 1.2673904679698407, 
      "q01%": 0.8898382668931877, 
      "q75%": 2.7269604614018097, 
      "1sigma": [
        1.1222824886734262, 
        2.9672124345559077
      ], 
      "2sigma": [
        0.9290646188209537, 
        3.3696298700470377
      ], 
      "q99%": 3.440467121312126, 
      "sigma": 0.9224649729412407
    }, 
    {
      "5sigma": [
        15.778729264698448, 
        19.53383577036875
      ], 
      "3sigma": [
        16.11667233604173, 
        19.092958247879142
      ], 
      "median": 17.090475480214227, 
      "q90%": 17.548093572974512, 
      "q10%": 16.51789496266823, 
      "q25%": 16.800324788044247, 
      "q01%": 16.24198824589282, 
      "q75%": 17.325346135855376, 
      "1sigma": [
        16.631571132639355, 
        17.443182253814133
      ], 
      "2sigma": [
        16.315350297484862, 
        17.93157561407953
      ], 
      "q99%": 18.22199324773952, 
      "sigma": 0.4058055605873889
    }, 
    {
      "5sigma": [
        -2.9908098213404406, 
        -0.7078951728850905
      ], 
      "3sigma": [
        -2.813952122743703, 
        -0.9214671043425249
      ], 
      "median": -1.8696224817436902, 
      "q90%": -1.237647584606875, 
      "q10%": -2.27948898289686, 
      "q25%": -2.1011631733649585, 
      "q01%": -2.5737449203314786, 
      "q75%": -1.5079016860228052, 
      "1sigma": [
        -2.201418694049028, 
        -1.3417068343665448
      ], 
      "2sigma": [
        -2.461072166455192, 
        -1.0432100763795102
      ], 
      "q99%": -0.9847084890971384, 
      "sigma": 0.42985592984124155
    }, 
    {
      "5sigma": [
        -2.0, 
        -2.0
      ], 
      "3sigma": [
        -2.0, 
        -2.0
      ], 
      "median": -2.0, 
      "q90%": -2.0, 
      "q10%": -2.0, 
      "q25%": -2.0, 
      "q01%": -2.0, 
      "q75%": -2.0, 
      "1sigma": [
        -2.0, 
        -2.0
      ], 
      "2sigma": [
        -2.0, 
        -2.0
      ], 
      "q99%": -2.0, 
      "sigma": 0.0
    }, 
    {
      "5sigma": [
        1.0, 
        1.0
      ], 
      "3sigma": [
        1.0, 
        1.0
      ], 
      "median": 1.0, 
      "q90%": 1.0, 
      "q10%": 1.0, 
      "q25%": 1.0, 
      "q01%": 1.0, 
      "q75%": 1.0, 
      "1sigma": [
        1.0, 
        1.0
      ], 
      "2sigma": [
        1.0, 
        1.0
      ], 
      "q99%": 1.0, 
      "sigma": 0.0
    }, 
    {
      "5sigma": [
        3.1486719626185544, 
        8.844455826197299
      ], 
      "3sigma": [
        4.339027259979536, 
        8.415721661286787
      ], 
      "median": 5.39423921428635, 
      "q90%": 6.902329128137415, 
      "q10%": 4.862173656829132, 
      "q25%": 5.086953941893783, 
      "q01%": 4.513219414110759, 
      "q75%": 5.807634966900273, 
      "1sigma": [
        4.9677034873342025, 
        6.480153140036634
      ], 
      "2sigma": [
        4.622733025029004, 
        7.462867640040511
      ], 
      "q99%": 7.726717310160617, 
      "sigma": 0.7562248263512159
    }, 
    {
      "5sigma": [
        14.668383610062818, 
        16.838645591545315
      ], 
      "3sigma": [
        14.980289419231921, 
        16.288108873668154
      ], 
      "median": 15.244941966778153, 
      "q90%": 15.403018743516832, 
      "q10%": 15.135286222688853, 
      "q25%": 15.185309784729903, 
      "q01%": 15.048505558182585, 
      "q75%": 15.318999329751573, 
      "1sigma": [
        15.158403009040244, 
        15.36008547091906
      ], 
      "2sigma": [
        15.08428488966018, 
        15.606429614870976
      ], 
      "q99%": 15.807358237856798, 
      "sigma": 0.100841230939408
    }, 
    {
      "5sigma": [
        0.01644966728638077, 
        0.6012209997480849
      ], 
      "3sigma": [
        0.3891562250162511, 
        0.551381050335493
      ], 
      "median": 0.4749828147975254, 
      "q90%": 0.5084979620428149, 
      "q10%": 0.43682693052737537, 
      "q25%": 0.45542227126597856, 
      "q01%": 0.40665961004253287, 
      "q75%": 0.4937774958260181, 
      "1sigma": [
        0.4464631434100775, 
        0.501898756527116
      ], 
      "2sigma": [
        0.41536991052394046, 
        0.5253721245987838
      ], 
      "q99%": 0.5353652241231088, 
      "sigma": 0.02771780655851927
    }, 
    {
      "5sigma": [
        0.008925282486896932, 
        0.48246910750829436
      ], 
      "3sigma": [
        0.323517203977398, 
        0.4416725655557213
      ], 
      "median": 0.3771964491804906, 
      "q90%": 0.40507020979976044, 
      "q10%": 0.353370143026486, 
      "q25%": 0.3641562671003936, 
      "q01%": 0.33542070228733584, 
      "q75%": 0.3904444262758767, 
      "1sigma": [
        0.3582432748419475, 
        0.3981372383279545
      ], 
      "2sigma": [
        0.3421019043082816, 
        0.4194041610092613
      ], 
      "q99%": 0.42618765157870603, 
      "sigma": 0.019946981743003495
    }, 
    {
      "5sigma": [
        0.0027850713391526943, 
        0.4702476242737703
      ],