{
  "global evidence": -4.1744583533754795, 
  "modes": [
    {
      "index": 0, 
      "local log-evidence": -7.885995192761676, 
      "strictly local log-evidence": -8.310113092506498, 
      "local log-evidence error": 0.1420077190355721, 
      "maximum": [
        2.941275515127175, 
        2.319534988511718, 
        18.605500418366915, 
        -1.821205856444732, 
        -2.0, 
        1.0, 
        5.2608105036388935, 
        16.784294561922184, 
        2.0572638718278182, 
        1.6738852779582174, 
        1.5727578535910391, 
        0.42096177098516396, 
        0.3666246474445906, 
        0.2674593969830443
      ], 
      "maximum a posterior": [
        2.941275515127175, 
        2.319534988511718, 
        18.605500418366915, 
        -1.821205856444732, 
        -2.0, 
        1.0, 
        5.2608105036388935, 
        16.784294561922184, 
        2.0572638718278182, 
        1.6738852779582174, 
        1.5727578535910391, 
        0.42096177098516396, 
        0.3666246474445906, 
        0.2674593969830443
      ], 
      "sigma": [
        0.18065517864836128, 
        0.10051371300825526, 
        0.09330493934784204, 
        0.06420176443667897, 
        0.0, 
        0.0, 
        0.15462040909420188, 
        0.04510572221130202, 
        0.09816258017559043, 
        0.06979047118951337, 
        0.3466248937499797, 
        0.02207025124664301, 
        0.07029823985395497, 
        0.0737085278934634
      ], 
      "strictly local log-evidence error": 1.0202381444881992, 
      "mean": [
        2.9987166236383334, 
        2.4131950020986586, 
        18.668418062843443, 
        -1.874706458607375, 
        -2.0, 
        1.0, 
        5.411911625736991, 
        16.793711604236066, 
        1.9997145992598273, 
        1.6336067416157374, 
        1.34169981942244, 
        0.41688862436625257, 
        0.4039493833611762, 
        0.3126099601917801
      ]
    }, 
    {
      "index": 1, 
      "local log-evidence": -4.199201899757941, 
      "strictly local log-evidence": -4.633294949155531, 
      "local log-evidence error": 0.12219988826808889, 
      "maximum": [
        2.8962138382162412, 
        1.1378574856223298, 
        17.443643584640483, 
        -0.6882771049652581, 
        -2.0, 
        1.0, 
        4.034071323838571, 
        16.755366479675224, 
        2.053953543991911, 
        1.6460326305643758, 
        0.9466225016122402, 
        0.42759951025620024, 
        0.18963197839789592, 
        0.02970238208826626
      ], 
      "maximum a posterior": [
        2.8962138382162412, 
        1.1378574856223298, 
        17.443643584640483, 
        -0.6882771049652581, 
        -2.0, 
        1.0, 
        4.034071323838571, 
        16.755366479675224, 
        2.053953543991911, 
        1.6460326305643758, 
        0.9466225016122402, 
        0.42759951025620024, 
        0.18963197839789592, 
        0.02970238208826626
      ], 
      "sigma": [
        1.1838664347697994, 
        0.15223956288678075, 
        0.2467886186834434, 
        0.2018448234626341, 
        2.1073424255447017e-08, 
        1.0536712127723509e-08, 
        1.1356302869353205, 
        0.08167514634300307, 
        0.08532281948597926, 
        0.0705264387072488, 
        0.19344254695691585, 
        0.031636370585056604, 
        0.20127338611642406, 
        0.21715204932165005
      ], 
      "strictly local log-evidence error": 0.1342952397693937, 
      "mean": [
        4.514083150039825, 
        1.1104055130642232, 
        17.361863811261937, 
        -0.6751858009220454, 
        -1.9999999999999998, 
        0.9999999999999999, 
        5.624488663104056, 
        16.686678010339868, 
        2.0238382749098403, 
        1.6525517241454402, 
        1.195267096176919, 
        0.41862013279942584, 
        0.48540044715623587, 
        0.25600197698448957
      ]
    }
  ], 
  "nested sampling global log-evidence": -4.1744583533754795, 
  "marginals": [
    {
      "5sigma": [
        2.0014441956494484, 
        6.499741987347881
      ], 
      "3sigma": [
        2.011988610692408, 
        6.494679147772724
      ], 
      "median": 4.1651307513402305, 
      "q90%": 6.076232052071364, 
      "q10%": 2.4982144220580924, 
      "q25%": 2.96651753754476, 
      "q01%": 2.041277362608728, 
      "q75%": 5.39578188513288, 
      "1sigma": [
        2.6873183022928284, 
        5.816924283147229
      ], 
      "2sigma": [
        2.127128284712828, 
        6.386453985888408
      ], 
      "q99%": 6.464983327040398, 
      "sigma": 1.5648029904272005
    }, 
    {
      "5sigma": [
        0.7110704554593279, 
        3.063686902428827
      ], 
      "3sigma": [
        0.7665000386925909, 
        2.6148114797912885
      ], 
      "median": 1.158561671313435, 
      "q90%": 1.9629708260521397, 
      "q10%": 0.9426176387444182, 
      "q25%": 1.0328715906946884, 
      "q01%": 0.8472569730044176, 
      "q75%": 1.4338222147098822, 
      "1sigma": [
        0.981722883620375, 
        1.7167456053708372
      ], 
      "2sigma": [
        0.8731651027735601, 
        2.3477998172301233
      ], 
      "q99%": 2.4402861622109526, 
      "sigma": 0.3675113608752311
    }, 
    {
      "5sigma": [
        16.58458823549627, 
        19.989411323795114
      ], 
      "3sigma": [
        16.7657239777942, 
        19.854296121211025
      ], 
      "median": 17.463054660059335, 
      "q90%": 18.639771982427494, 
      "q10%": 17.08086107717495, 
      "q25%": 17.232545715026703, 
      "q01%": 16.903829806441657, 
      "q75%": 17.90154894666776, 
      "1sigma": [
        17.15005538019962, 
        18.31953920280625
      ], 
      "2sigma": [
        16.95618560153699, 
        19.18712894728747
      ], 
      "q99%": 19.420458188958968, 
      "sigma": 0.5847419113033148
    }, 
    {
      "5sigma": [
        -2.345738941557083, 
        -0.01289412840879498
      ], 
      "3sigma": [
        -2.1719582017141077, 
        -0.10030955179258079
      ], 
      "median": -0.7549127032663565, 
      "q90%": -0.4403004028005874, 
      "q10%": -1.542847834093409, 
      "q25%": -1.0766834708898558, 
      "q01%": -1.9776457124352778, 
      "q75%": -0.5796961774894136, 
      "1sigma": [
        -1.3374058001331024, 
        -0.5047470356782163
      ], 
      "2sigma": [
        -1.8703035394748981, 
        -0.31142135699720014
      ], 
      "q99%": -0.264967020660546, 
      "sigma": 0.41632938222744303
    }, 
    {
      "5sigma": [
        -2.0, 
        -2.0
      ], 
      "3sigma": [
        -2.0, 
        -2.0
      ], 
      "median": -2.0, 
      "q90%": -2.0, 
      "q10%": -2.0, 
      "q25%": -2.0, 
      "q01%": -2.0, 
      "q75%": -2.0, 
      "1sigma": [
        -2.0, 
        -2.0
      ], 
      "2sigma": [
        -2.0, 
        -2.0
      ], 
      "q99%": -2.0, 
      "sigma": 0.0
    }, 
    {
      "5sigma": [
        1.0, 
        1.0
      ], 
      "3sigma": [
        1.0, 
        1.0
      ], 
      "median": 1.0, 
      "q90%": 1.0, 
      "q10%": 1.0, 
      "q25%": 1.0, 
      "q01%": 1.0, 
      "q75%": 1.0, 
      "1sigma": [
        1.0, 
        1.0
      ], 
      "2sigma": [
        1.0, 
        1.0
      ], 
      "q99%": 1.0, 
      "sigma": 0.0
    }, 
    {
      "5sigma": [
        3.2183746819191987, 
        8.858520602746152
      ], 
      "3sigma": [
        3.4973183013554734, 
        8.36661785338738
      ], 
      "median": 5.368559849390963, 
      "q90%": 7.216468023924585, 
      "q10%": 4.039212929717567, 
      "q25%": 4.437142774778703, 
      "q01%": 3.636598107714358, 
      "q75%": 6.541701805031741, 
      "1sigma": [
        4.193145264095903, 
        6.940369812602666
      ], 
      "2sigma": [
        3.747278499132703, 
        7.587587220388292
      ], 
      "q99%": 7.812207327560041,