{
  "global evidence": -0.0797356181657889, 
  "modes": [
    {
      "index": 0, 
      "local log-evidence": -0.0797356181657889, 
      "strictly local log-evidence": -0.0797356181657889, 
      "local log-evidence error": 0.12834892447450158, 
      "maximum": [
        3.9450615916695875, 
        1.142515140900619, 
        16.55899072125172, 
        -1.0673631770396168, 
        -1.7, 
        1.0, 
        5.087576732570207, 
        15.491627544212104, 
        0.8828674152708772, 
        0.730870357840634, 
        0.4643831225037795, 
        0.06818031387378005, 
        0.08905743083236782, 
        0.032257629033223996
      ], 
      "maximum a posterior": [
        3.9450615916695875, 
        1.142515140900619, 
        16.55899072125172, 
        -1.0673631770396168, 
        -1.7, 
        1.0, 
        5.087576732570207, 
        15.491627544212104, 
        0.8828674152708772, 
        0.730870357840634, 
        0.4643831225037795, 
        0.06818031387378005, 
        0.08905743083236782, 
        0.032257629033223996
      ], 
      "sigma": [
        1.2431300780684025, 
        0.6899144205762605, 
        0.3851825614159458, 
        0.376091837340777, 
        4.712160915387242e-08, 
        1.8250120749944284e-08, 
        0.7802537681382863, 
        0.09294176824185935, 
        0.0427203579407415, 
        0.033032330698647215, 
        13498167.198257744, 
        0.004892040125009416, 
        41670495.19925476, 
        0.04012635674168193
      ], 
      "strictly local log-evidence error": 0.1283489244745017, 
      "mean": [
        3.991478737748345, 
        1.6650750521655073, 
        16.868320793752318, 
        -1.3531362385198922, 
        -1.7000000000000006, 
        0.9999999999999997, 
        5.656553789913856, 
        15.515184555232418, 
        0.8790979047889912, 
        0.7158712751666731, 
        0.5382256774526699, 
        0.06682467366164194, 
        0.09167193269116077, 
        0.055019666303742144
      ]
    }
  ], 
  "nested sampling global log-evidence": -0.0797356181657889, 
  "marginals": [
    {
      "5sigma": [
        2.000908452033669, 
        6.497271759940561
      ], 
      "3sigma": [
        2.00988377733376, 
        6.486218385917309
      ], 
      "median": 3.733723911161293, 
      "q90%": 5.825623623307393, 
      "q10%": 2.4222762522418173, 
      "q25%": 3.00816144857245, 
      "q01%": 2.047462500832608, 
      "q75%": 5.0457142426349035, 
      "1sigma": [
        2.667330607295048, 
        5.514725896357665
      ], 
      "2sigma": [
        2.125820487024993, 
        6.298880184854605
      ], 
      "q99%": 6.42245888982893, 
      "sigma": 1.4236976445313085
    }, 
    {
      "5sigma": [
        0.5093629272827299, 
        3.498376975815907
      ], 
      "3sigma": [
        0.8533686368328699, 
        3.4615499614709333
      ], 
      "median": 1.3425079786563485, 
      "q90%": 2.7733236181434493, 
      "q10%": 1.0034292778950364, 
      "q25%": 1.1037826481510344, 
      "q01%": 0.9045614391268797, 
      "q75%": 2.216753453209714, 
      "1sigma": [
        1.043381947294364, 
        2.5444553697403274
      ], 
      "2sigma": [
        0.9294080648099476, 
        3.177730947636861
      ], 
      "q99%": 3.346720088077398, 
      "sigma": 0.7505367112229817
    }, 
    {
      "5sigma": [
        15.981763165134574, 
        19.996853007610166
      ], 
      "3sigma": [
        16.144818460276102, 
        18.779950471847705
      ], 
      "median": 16.82507784404386, 
      "q90%": 17.383472338486023, 
      "q10%": 16.411323581370056, 
      "q25%": 16.567734424609753, 
      "q01%": 16.229501037488937, 
      "q75%": 17.120993387421237, 
      "1sigma": [
        16.476527613112076, 
        17.26034920879821
      ], 
      "2sigma": [
        16.294832143898255, 
        17.667237773915378
      ], 
      "q99%": 17.858577247994567, 
      "sigma": 0.39191079784306737
    }, 
    {
      "5sigma": [
        -2.9776693098110543, 
        -0.5334969876125237
      ], 
      "3sigma": [
        -2.4716243122071475, 
        -0.6254212298881024
      ], 
      "median": -1.305580295283795, 
      "q90%": -0.8938695727212257, 
      "q10%": -1.8868386297238722, 
      "q25%": -1.6515132649382818, 
      "q01%": -2.1841652719573714, 
      "q75%": -1.0433842965624762, 
      "1sigma": [
        -1.7789325760089039, 
        -0.9541011132694132
      ], 
      "2sigma": [
        -2.089463986979423, 
        -0.7754049929594101
      ], 
      "q99%": -0.7307878305557761, 
      "sigma": 0.41241573136974535
    }, 
    {
      "5sigma": [
        -1.7, 
        -1.7
      ], 
      "3sigma": [
        -1.7, 
        -1.7
      ], 
      "median": -1.7, 
      "q90%": -1.7, 
      "q10%": -1.7, 
      "q25%": -1.7, 
      "q01%": -1.7, 
      "q75%": -1.7, 
      "1sigma": [
        -1.7, 
        -1.7
      ], 
      "2sigma": [
        -1.7, 
        -1.7
      ], 
      "q99%": -1.7, 
      "sigma": 0.0
    }, 
    {
      "5sigma": [
        1.0, 
        1.0
      ], 
      "3sigma": [
        1.0, 
        1.0
      ], 
      "median": 1.0, 
      "q90%": 1.0, 
      "q10%": 1.0, 
      "q25%": 1.0, 
      "q01%": 1.0, 
      "q75%": 1.0, 
      "1sigma": [
        1.0, 
        1.0
      ], 
      "2sigma": [
        1.0, 
        1.0
      ], 
      "q99%": 1.0, 
      "sigma": 0.0
    }, 
    {
      "5sigma": [
        2.8122868456976824, 
        9.25904459172754
      ], 
      "3sigma": [
        4.5005401452482365, 
        8.118798208745412
      ], 
      "median": 5.391744936041891, 
      "q90%": 6.935102717994348, 
      "q10%": 4.879083350160206, 
      "q25%": 5.059482441435668, 
      "q01%": 4.649924910621037, 
      "q75%": 6.134698633009404, 
      "1sigma": [
        4.961273087270803, 
        6.611340152148508
      ], 
      "2sigma": [
        4.704302114775852, 
        7.430696551647062
      ], 
      "q99%": 7.554034146389379, 
      "sigma": 0.8250335324388525
    }, 
    {
      "5sigma": [
        15.230067876972353, 
        17.495011693661688
      ], 
      "3sigma": [
        15.344079476002891, 
        16.374488889514346
      ], 
      "median": 15.505070489615566, 
      "q90%": 15.605404057586737, 
      "q10%": 15.423885225857052, 
      "q25%": 15.458294935586295, 
      "q01%": 15.373417104648215, 
      "q75%": 15.555786232391577, 
      "1sigma": [
        15.438606288713647, 
        15.58161609612854
      ], 
      "2sigma": [
        15.389365676989629, 
        15.69882284566726
      ], 
      "q99%": 15.803055604765866, 
      "sigma": 0.07150490370744667
    }, 
    {
      "5sigma": [
        0.05746045623445264, 
        1.0797081581242844
      ], 
      "3sigma": [
        0.7441996411430624, 
        1.0022122970528524
      ], 
      "median": 0.8788469592626034, 
      "q90%": 0.9335009792068075, 
      "q10%": 0.8249497813088181, 
      "q25%": 0.8510909328122328, 
      "q01%": 0.7742066424469083, 
      "q75%": 0.9071774938144009, 
      "1sigma": [
        0.8379741554765154, 
        0.92266050253581
      ], 
      "2sigma": [
        0.794226932101762, 
        0.9636602891649583
      ], 
      "q99%": 0.975254309776504, 
      "sigma": 0.04234317352964728
    }, 
    {
      "5sigma": [
        0.029553038556459924, 
        0.8717262413432926
      ], 
      "3sigma": [
        0.6203854755409378, 
        0.8162370044598551
      ], 
      "median": 0.7163077833949105, 
      "q90%": 0.7583290522644235, 
      "q10%": 0.6720779229017779, 
      "q25%": 0.6936636688338197, 
      "q01%": 0.6433332870726456, 
      "q75%": 0.7380433460376593, 
      "1sigma": [
        0.6840354349254716, 
        0.7489603428337407
      ], 
      "2sigma": [
        0.6499662902963796, 
        0.7796864476197238
      ], 
      "q99%": 0.7931566791409175,