{
  "global evidence": 0.10480941620194431, 
  "modes": [
    {
      "index": 0, 
      "local log-evidence": 0.10480941620194431, 
      "strictly local log-evidence": 0.10480941620194431, 
      "local log-evidence error": 0.1291845660260755, 
      "maximum": [
        3.5495380289612886, 
        1.4240793301273844, 
        16.50577256110486, 
        -1.2685713345015066, 
        -1.48, 
        1.0, 
        4.9736173590886725, 
        15.237201226603352, 
        0.8674701541141687, 
        0.7457010517354096, 
        0.4640695923841823, 
        0.06659584537174612, 
        0.08766297768594736, 
        0.037807689884590816
      ], 
      "maximum a posterior": [
        3.5495380289612886, 
        1.4240793301273844, 
        16.50577256110486, 
        -1.2685713345015066, 
        -1.48, 
        1.0, 
        4.9736173590886725, 
        15.237201226603352, 
        0.8674701541141687, 
        0.7457010517354096, 
        0.4640695923841823, 
        0.06659584537174612, 
        0.08766297768594736, 
        0.037807689884590816
      ], 
      "sigma": [
        1.232625702911383, 
        0.7656267876181663, 
        0.42362867465852727, 
        0.4230457621471704, 
        NaN, 
        0.0, 
        0.7176769117503493, 
        0.06817832151708243, 
        0.04227570074726858, 
        0.0347069921233754, 
        4.745500487577627, 
        0.004840271129457468, 
        0.01941020353539611, 
        0.02485029850450765
      ], 
      "strictly local log-evidence error": 0.12918456602607556, 
      "mean": [
        4.0225440758939905, 
        1.7112031005010317, 
        16.583276879898474, 
        -1.3019747303654485, 
        -1.480000000000002, 
        1.0, 
        5.733747176395026, 
        15.281302149533023, 
        0.8712540561952861, 
        0.7270763507573512, 
        0.5065136141974592, 
        0.06657257767911991, 
        0.09200058303606211, 
        0.051025854189337395
      ]
    }
  ], 
  "nested sampling global log-evidence": 0.10480941620194431, 
  "marginals": [
    {
      "5sigma": [
        2.000124544347069, 
        6.497406620512651
      ], 
      "3sigma": [
        2.0761613400286345, 
        6.488813775163709
      ], 
      "median": 3.5494304778015158, 
      "q90%": 5.923184689029584, 
      "q10%": 2.6387956430312096, 
      "q25%": 3.0010901978569007, 
      "q01%": 2.2842180012802973, 
      "q75%": 5.1159640751121, 
      "1sigma": [
        2.7924895079023795, 
        5.636533231141608
      ], 
      "2sigma": [
        2.3854103615114393, 
        6.360136719495197
      ], 
      "q99%": 6.436888028616771, 
      "sigma": 1.4220218616196143
    }, 
    {
      "5sigma": [
        0.5280894103215088, 
        3.498833744884413
      ], 
      "3sigma": [
        0.8430984490079475, 
        3.493164096667325
      ], 
      "median": 1.4374039323423715, 
      "q90%": 2.9129160479482477, 
      "q10%": 0.9577151610021757, 
      "q25%": 1.0327232563596584, 
      "q01%": 0.8847139329240462, 
      "q75%": 2.3252917748509834, 
      "1sigma": [
        0.9837933337854424, 
        2.6733498406365563
      ], 
      "2sigma": [
        0.906261356202982, 
        3.3475942150767715
      ], 
      "q99%": 3.4328169593640987, 
      "sigma": 0.844778253425557
    }, 
    {
      "5sigma": [
        15.629703846650559, 
        19.852971818273783
      ], 
      "3sigma": [
        15.877623804808646, 
        17.89893278955708
      ], 
      "median": 16.512724527201645, 
      "q90%": 17.193570963988584, 
      "q10%": 16.08498629174695, 
      "q25%": 16.224694752238825, 
      "q01%": 15.924925799609921, 
      "q75%": 16.893582206229247, 
      "1sigma": [
        16.138666021561672, 
        17.06948213687227
      ], 
      "2sigma": [
        15.98086643707547, 
        17.460988178820692
      ], 
      "q99%": 17.555774113458426, 
      "sigma": 0.46540805765529925
    }, 
    {
      "5sigma": [
        -2.989029677319465, 
        -0.3502861817736213
      ], 
      "3sigma": [
        -2.316250434488829, 
        -0.5726725049646892
      ], 
      "median": -1.2735543438494765, 
      "q90%": -0.7904183387040529, 
      "q10%": -1.8973233284008852, 
      "q25%": -1.6500088541177023, 
      "q01%": -2.15059814876006, 
      "q75%": -0.9135090580093733, 
      "1sigma": [
        -1.7916196083723173, 
        -0.839528543898753
      ], 
      "2sigma": [
        -2.092562718407305, 
        -0.6932552045342147
      ], 
      "q99%": -0.6547598624274493, 
      "sigma": 0.47604553223678214
    }, 
    {
      "5sigma": [
        -1.48, 
        -1.48
      ], 
      "3sigma": [
        -1.48, 
        -1.48
      ], 
      "median": -1.48, 
      "q90%": -1.48, 
      "q10%": -1.48, 
      "q25%": -1.48, 
      "q01%": -1.48, 
      "q75%": -1.48, 
      "1sigma": [
        -1.48, 
        -1.48
      ], 
      "2sigma": [
        -1.48, 
        -1.48
      ], 
      "q99%": -1.48, 
      "sigma": 0.0
    }, 
    {
      "5sigma": [
        1.0, 
        1.0
      ], 
      "3sigma": [
        1.0, 
        1.0
      ], 
      "median": 1.0, 
      "q90%": 1.0, 
      "q10%": 1.0, 
      "q25%": 1.0, 
      "q01%": 1.0, 
      "q75%": 1.0, 
      "1sigma": [
        1.0, 
        1.0
      ], 
      "2sigma": [
        1.0, 
        1.0
      ], 
      "q99%": 1.0, 
      "sigma": 0.0
    }, 
    {
      "5sigma": [
        2.9733746904184417, 
        9.118761554495155
      ], 
      "3sigma": [
        4.715264149311567, 
        7.650016977275343
      ], 
      "median": 5.539335181164685, 
      "q90%": 6.943877760397664, 
      "q10%": 4.982019191994679, 
      "q25%": 5.178903219561979, 
      "q01%": 4.7969409039440825, 
      "q75%": 6.139125866319785, 
      "1sigma": [
        5.057495711545653, 
        6.624611504627489
      ], 
      "2sigma": [
        4.856253748623352, 
        7.375151943669744
      ], 
      "q99%": 7.45826840677717, 
      "sigma": 0.783557896540918
    }, 
    {
      "5sigma": [
        14.99863826157796, 
        17.495341400473947
      ], 
      "3sigma": [
        15.109661720884963, 
        15.624571574733565
      ], 
      "median": 15.281347865443811, 
      "q90%": 15.35970103299602, 
      "q10%": 15.19574368802565, 
      "q25%": 15.236464153754365, 
      "q01%": 15.146121030701748, 
      "q75%": 15.323646729428514, 
      "1sigma": [
        15.214579316627946, 
        15.34179023073627
      ], 
      "2sigma": [
        15.161778497525546, 
        15.417319695526594
      ], 
      "q99%": 15.456077685671463, 
      "sigma": 0.06360545705416243
    }, 
    {
      "5sigma": [
        0.05837699645702755, 
        1.0716357106450738
      ], 
      "3sigma": [
        0.7448316211666713, 
        1.0000306359269262
      ], 
      "median": 0.8715050785616815, 
      "q90%": 0.9243032573479452, 
      "q10%": 0.8172269465914275, 
      "q25%": 0.8417739875468744, 
      "q01%": 0.7707612137430606, 
      "q75%": 0.9005854565436788, 
      "1sigma": [
        0.8284663377073804, 
        0.9136504541929141
      ], 
      "2sigma": [
        0.7902099400947165, 
        0.9522287127459523
      ], 
      "q99%": 0.9686287293986133, 
      "sigma": 0.04259205824276685
    }, 
    {
      "5sigma": [
        0.030000352650295943, 
        0.8991822444772144
      ], 
      "3sigma": [
        0.621308427843843, 
        0.8333615524491735
      ], 
      "median": 0.7282274554580699, 
      "q90%": 0.769655458379828, 
      "q10%": 0.682505213276154, 
      "q25%": 0.7030985835352778, 
      "q01%": 0.6433279892222434, 
      "q75%": 0.7511088576070665, 
      "1sigma": [
        0.6917964116203578, 
        0.7616901721320124
      ], 
      "2sigma": [
        0.6602445999406029, 
        0.7946945248999507
      ], 
      "q99%": 0.8084381802120789, 
      "sigma": 0.03494688025582732
    }, 
    {
      "5sigma": [
        0.004215960516975721, 
        0.8463240671776707
      ],