{
  "global evidence": -3.288370288467343, 
  "modes": [
    {
      "index": 0, 
      "local log-evidence": -3.288370288467343, 
      "strictly local log-evidence": -3.288370288467343, 
      "local log-evidence error": 0.11926809371174785, 
      "maximum": [
        3.4525446848935246, 
        1.1839049503264545, 
        16.80419730977531, 
        -0.7360402498970635, 
        -1.48, 
        1.0, 
        4.636449635219979, 
        16.06815705987825, 
        2.0585686883498675, 
        1.6376731099646848, 
        0.9398532156087976, 
        0.4229155833425285, 
        0.34578812133477255, 
        0.09385677579086683
      ], 
      "maximum a posterior": [
        3.4525446848935246, 
        1.1839049503264545, 
        16.80419730977531, 
        -0.7360402498970635, 
        -1.48, 
        1.0, 
        4.636449635219979, 
        16.06815705987825, 
        2.0585686883498675, 
        1.6376731099646848, 
        0.9398532156087976, 
        0.4229155833425285, 
        0.34578812133477255, 
        0.09385677579086683
      ], 
      "sigma": [
        1.1892855605156936, 
        0.5228088445348734, 
        0.44260048253632617, 
        0.3543384696667278, 
        6.322027276634104e-08, 
        1.8250120749944284e-08, 
        0.9177321000135423, 
        0.20473332966359786, 
        0.10078403868818361, 
        3463735026754064.0, 
        6.957855690270243e+56, 
        0.03667093089749071, 
        604935763958.5262, 
        0.22691028755133533
      ], 
      "strictly local log-evidence error": 0.11926809371174799, 
      "mean": [
        3.0840537775151, 
        1.8394539092267868, 
        17.412632033852596, 
        -1.1223392511819699, 
        -1.4799999999999986, 
        0.9999999999999997, 
        4.923507686741883, 
        16.29029278267061, 
        2.0165769719988265, 
        1.6601152415404534, 
        2.24453035523234e+37, 
        0.414598739395556, 
        0.35554121382118653, 
        0.2081246983468388
      ]
    }
  ], 
  "nested sampling global log-evidence": -3.288370288467343, 
  "marginals": [
    {
      "5sigma": [
        2.001383517404046, 
        6.494396219324917
      ], 
      "3sigma": [
        2.0016086705439267, 
        6.470050645303091
      ], 
      "median": 2.5843456301137424, 
      "q90%": 5.197944170187436, 
      "q10%": 2.0876587250231586, 
      "q25%": 2.243277555757228, 
      "q01%": 2.0071166348012324, 
      "q75%": 3.439095400699485, 
      "1sigma": [
        2.143854574016637, 
        4.549071316779059
      ], 
      "2sigma": [
        2.02138771298268, 
        6.0991779771726575
      ], 
      "q99%": 6.3671259601863985, 
      "sigma": 1.2026083713812108
    }, 
    {
      "5sigma": [
        0.7318999380128565, 
        3.436989426302331
      ], 
      "3sigma": [
        0.7826071579006497, 
        3.047551621626002
      ], 
      "median": 1.8697658254206406, 
      "q90%": 2.4934149305182016, 
      "q10%": 1.0774747858888927, 
      "q25%": 1.4277615889465278, 
      "q01%": 0.8928684062452161, 
      "q75%": 2.2636751366837196, 
      "1sigma": [
        1.1747383222130252, 
        2.39468962363762
      ], 
      "2sigma": [
        0.9366945981946263, 
        2.730257651726112
      ], 
      "q99%": 2.83733665468299, 
      "sigma": 0.6099756507122973
    }, 
    {
      "5sigma": [
        16.053617750692034, 
        19.980924980845668
      ], 
      "3sigma": [
        16.32601650693228, 
        19.634858454727866
      ], 
      "median": 17.46643704299824, 
      "q90%": 17.894833839270543, 
      "q10%": 16.763327253500304, 
      "q25%": 17.129010076225892, 
      "q01%": 16.481934153642094, 
      "q75%": 17.70461245136546, 
      "1sigma": [
        16.917849517313265, 
        17.799635364420144
      ], 
      "2sigma": [
        16.537357766165716, 
        18.179089555100628
      ], 
      "q99%": 18.42312440740117, 
      "sigma": 0.4408929235534398
    }, 
    {
      "5sigma": [
        -2.579966350812305, 
        -0.0442973996871152
      ], 
      "3sigma": [
        -2.3381456665703015, 
        -0.1516697082972373
      ], 
      "median": -1.1343248102456875, 
      "q90%": -0.6338622584457377, 
      "q10%": -1.558178866094921, 
      "q25%": -1.3729692557692528, 
      "q01%": -1.885814548121476, 
      "q75%": -0.8876954392243965, 
      "1sigma": [
        -1.4784102996343842, 
        -0.7425006703200657
      ], 
      "2sigma": [
        -1.7826104925271902, 
        -0.42109885401278485
      ], 
      "q99%": -0.35647751072482453, 
      "sigma": 0.36795481465715923
    }, 
    {
      "5sigma": [
        -1.48, 
        -1.48
      ], 
      "3sigma": [
        -1.48, 
        -1.48
      ], 
      "median": -1.48, 
      "q90%": -1.48, 
      "q10%": -1.48, 
      "q25%": -1.48, 
      "q01%": -1.48, 
      "q75%": -1.48, 
      "1sigma": [
        -1.48, 
        -1.48
      ], 
      "2sigma": [
        -1.48, 
        -1.48
      ], 
      "q99%": -1.48, 
      "sigma": 0.0
    }, 
    {
      "5sigma": [
        1.0, 
        1.0
      ], 
      "3sigma": [
        1.0, 
        1.0
      ], 
      "median": 1.0, 
      "q90%": 1.0, 
      "q10%": 1.0, 
      "q25%": 1.0, 
      "q01%": 1.0, 
      "q75%": 1.0, 
      "1sigma": [
        1.0, 
        1.0
      ], 
      "2sigma": [
        1.0, 
        1.0
      ], 
      "q99%": 1.0, 
      "sigma": 0.0
    }, 
    {
      "5sigma": [
        2.875448277810043, 
        9.069115032111785
      ], 
      "3sigma": [
        3.405161380079029, 
        8.472218988111281
      ], 
      "median": 4.703662014507568, 
      "q90%": 6.334225081020108, 
      "q10%": 3.989856924794885, 
      "q25%": 4.311119150787652, 
      "q01%": 3.604802846061336, 
      "q75%": 5.233042448134437, 
      "1sigma": [
        4.128191338405636, 
        5.749307774215239
      ], 
      "2sigma": [
        3.7284719307282583, 
        7.349798946351835
      ], 
      "q99%": 7.6568459879643465, 
      "sigma": 0.8105582179048016
    }, 
    {
      "5sigma": [
        15.800444859775778, 
        17.52820471057843
      ], 
      "3sigma": [
        15.95319776659033, 
        17.341765570039282
      ], 
      "median": 16.230989333489482, 
      "q90%": 16.590265565273924, 
      "q10%": 16.08794345269997, 
      "q25%": 16.140088942349518, 
      "q01%": 16.003032134949045, 
      "q75%": 16.393518426669434, 
      "1sigma": [
        16.115174439033083, 
        16.501523433379006
      ], 
      "2sigma": [
        16.034113978408254, 
        16.779635482977472
      ], 
      "q99%": 16.867229565403484, 
      "sigma": 0.19317449717296142
    }, 
    {
      "5sigma": [
        1.538134138796567, 
        2.503464603162294
      ], 
      "3sigma": [
        1.7185231517282413, 
        2.3278125881536234
      ], 
      "median": 2.0161313118587043, 
      "q90%": 2.1461724355192016, 
      "q10%": 1.8876070992041698, 
      "q25%": 1.9525271550162664, 
      "q01%": 1.779213232233473, 
      "q75%": 2.084340099880946, 
      "1sigma": [
        1.9170775814077423, 
        2.1176405239538574
      ], 
      "2sigma": [
        1.813164203932536, 
        2.2118563326599157
      ], 
      "q99%": 2.2493144613122578, 
      "sigma": 0.10028147127305753
    }, 
    {
      "5sigma": [
        0.8356865594711695, 
        2.0372762834744353
      ], 
      "3sigma": [
        1.4030383701643487, 
        1.8875758419428017
      ], 
      "median": 1.6612935874688948, 
      "q90%": 1.7534947075040932, 
      "q10%": 1.5668887248862273, 
      "q25%": 1.6159792737422414, 
      "q01%": 1.466781949118106, 
      "q75%": 1.7070585203481479, 
      "1sigma": [
        1.5900220006515662, 
        1.732177760298827
      ], 
      "2sigma": [
        1.5063508374387975, 
        1.805088905271244
      ], 
      "q99%": 1.831894522442371,