{
  "global evidence": -2.9988614282408745, 
  "modes": [
    {
      "index": 0, 
      "local log-evidence": -2.9988614282408745, 
      "strictly local log-evidence": -2.9988614282408745, 
      "local log-evidence error": 0.11729016103233512, 
      "maximum": [
        2.6338746575079153, 
        2.4139169272389207, 
        17.705445757518035, 
        -1.5423321170484918, 
        -1.7, 
        1.0, 
        5.047791584746836, 
        16.163113640469543, 
        2.014894845468202, 
        1.6746805392715496, 
        1.4414644929495608, 
        0.28267046992089495, 
        0.22088112628281828, 
        0.12914374422405817
      ], 
      "maximum a posterior": [
        2.6338746575079153, 
        2.4139169272389207, 
        17.705445757518035, 
        -1.5423321170484918, 
        -1.7, 
        1.0, 
        5.047791584746836, 
        16.163113640469543, 
        2.014894845468202, 
        1.6746805392715496, 
        1.4414644929495608, 
        0.28267046992089495, 
        0.22088112628281828, 
        0.12914374422405817
      ], 
      "sigma": [
        1.2710426996055908, 
        0.5341460765853515, 
        0.5063150691855817, 
        0.38232938733274263, 
        8.429369702178807e-08, 
        NaN, 
        0.9978303427073383, 
        0.22069299294107597, 
        0.10104272462226775, 
        3.7225709630123846e+33, 
        332011168.248106, 
        0.03686705912482545, 
        0.31607077327412764, 
        0.2697410346935782
      ], 
      "strictly local log-evidence error": 0.11729016103233508, 
      "mean": [
        3.3323092948662993, 
        1.9150908639882909, 
        17.495340691891762, 
        -1.224096265437665, 
        -1.6999999999999964, 
        1.0000000000000002, 
        5.247400158854587, 
        16.27124442645407, 
        1.9926511458828264, 
        1.6743033274484593, 
        1.3295647045569157, 
        0.277553153128657, 
        0.30492537689456095, 
        0.22528292969412744
      ]
    }
  ], 
  "nested sampling global log-evidence": -2.9988614282408745, 
  "marginals": [
    {
      "5sigma": [
        2.0001879452525806, 
        6.493276663853281
      ], 
      "3sigma": [
        2.0026654920496276, 
        6.475918004596636
      ], 
      "median": 2.8334333348729053, 
      "q90%": 5.472976166444689, 
      "q10%": 2.1223883737784606, 
      "q25%": 2.331384390000538, 
      "q01%": 2.0105550081469046, 
      "q75%": 4.096596340675771, 
      "1sigma": [
        2.192693052756948, 
        4.971097407468048
      ], 
      "2sigma": [
        2.033547875106743, 
        6.269229035140309
      ], 
      "q99%": 6.402918293085622, 
      "sigma": 1.38920217735555
    }, 
    {
      "5sigma": [
        0.7550488069987668, 
        3.352687217777392
      ], 
      "3sigma": [
        0.8440203184405887, 
        3.060494588615869
      ], 
      "median": 2.0098256640005316, 
      "q90%": 2.5744527393060697, 
      "q10%": 1.1239988203237175, 
      "q25%": 1.459110472474421, 
      "q01%": 0.926673107227608, 
      "q75%": 2.3446410194284004, 
      "1sigma": [
        1.2184077573288208, 
        2.4626594648273317
      ], 
      "2sigma": [
        0.9718243336148837, 
        2.7931606554375206
      ], 
      "q99%": 2.8808282530369347, 
      "sigma": 0.6221258537492554
    }, 
    {
      "5sigma": [
        15.994430990098197, 
        19.998535295955204
      ], 
      "3sigma": [
        16.36131203710903, 
        19.90805836062659
      ], 
      "median": 17.48987138842311, 
      "q90%": 17.984497350155745, 
      "q10%": 16.870854684564204, 
      "q25%": 17.187149124558164, 
      "q01%": 16.518125113749747, 
      "q75%": 17.738276316158615, 
      "1sigma": [
        16.994412486653335, 
        17.854361570880407
      ], 
      "2sigma": [
        16.632286845786428, 
        18.742502014782804
      ], 
      "q99%": 19.296214977787496, 
      "sigma": 0.4299745421135359
    }, 
    {
      "5sigma": [
        -2.5847094852201353, 
        -0.051435687906772554
      ], 
      "3sigma": [
        -2.438709956501598, 
        -0.2507203949438005
      ], 
      "median": -1.2322702085115267, 
      "q90%": -0.7003366173592999, 
      "q10%": -1.6898128787314435, 
      "q25%": -1.4685028825339557, 
      "q01%": -2.2008557465159773, 
      "q75%": -0.9641813947548863, 
      "1sigma": [
        -1.5847055034873985, 
        -0.8309473937149651
      ], 
      "2sigma": [
        -2.0161418877368646, 
        -0.4858441976532171
      ], 
      "q99%": -0.41974864232823583, 
      "sigma": 0.3768790548862167
    }, 
    {
      "5sigma": [
        -1.7, 
        -1.7
      ], 
      "3sigma": [
        -1.7, 
        -1.7
      ], 
      "median": -1.7, 
      "q90%": -1.7, 
      "q10%": -1.7, 
      "q25%": -1.7, 
      "q01%": -1.7, 
      "q75%": -1.7, 
      "1sigma": [
        -1.7, 
        -1.7
      ], 
      "2sigma": [
        -1.7, 
        -1.7
      ], 
      "q99%": -1.7, 
      "sigma": 0.0
    }, 
    {
      "5sigma": [
        1.0, 
        1.0
      ], 
      "3sigma": [
        1.0, 
        1.0
      ], 
      "median": 1.0, 
      "q90%": 1.0, 
      "q10%": 1.0, 
      "q25%": 1.0, 
      "q01%": 1.0, 
      "q75%": 1.0, 
      "1sigma": [
        1.0, 
        1.0
      ], 
      "2sigma": [
        1.0, 
        1.0
      ], 
      "q99%": 1.0, 
      "sigma": 0.0
    }, 
    {
      "5sigma": [
        3.070343783075095, 
        9.167490270104965
      ], 
      "3sigma": [
        3.5909220307868828, 
        8.861375084194382
      ], 
      "median": 4.97193744843471, 
      "q90%": 6.890843922751173, 
      "q10%": 4.242029720022166, 
      "q25%": 4.581565098104326, 
      "q01%": 3.7819171263219737, 
      "q75%": 5.6305192220845885, 
      "1sigma": [
        4.397543974014122, 
        6.282726117876402
      ], 
      "2sigma": [
        3.9026616993772945, 
        7.712054727823383
      ], 
      "q99%": 8.091424928823761, 
      "sigma": 0.9425910719311403
    }, 
    {
      "5sigma": [
        15.603780289755461, 
        17.539731598204664
      ], 
      "3sigma": [
        15.872196142173024, 
        17.477190975081868
      ], 
      "median": 16.218893926001687, 
      "q90%": 16.524977360249235, 
      "q10%": 16.068440420055385, 
      "q25%": 16.131279537639426, 
      "q01%": 15.955177668953853, 
      "q75%": 16.357545375201397, 
      "1sigma": [
        16.09581967952776, 
        16.44609302168058
      ], 
      "2sigma": [
        15.992158821861215, 
        16.833377273120057
      ], 
      "q99%": 17.136258902679955, 
      "sigma": 0.17513667107640885
    }, 
    {
      "5sigma": [
        1.5408096159773526, 
        2.501781939880198
      ], 
      "3sigma": [
        1.6809263402582268, 
        2.2941685603284796
      ], 
      "median": 1.9947334444122486, 
      "q90%": 2.1181177549194325, 
      "q10%": 1.8618350766572807, 
      "q25%": 1.9276286314683775, 
      "q01%": 1.7478901903543316, 
      "q75%": 2.0610326695484424, 
      "1sigma": [
        1.8923206633186798, 
        2.088129116977618
      ], 
      "2sigma": [
        1.78751473867451, 
        2.1906862276681403
      ], 
      "q99%": 2.238405115607028, 
      "sigma": 0.0979042268294692
    }, 
    {
      "5sigma": [
        0.9457251348404108, 
        2.070801423727849
      ], 
      "3sigma": [
        1.4351400306435784, 
        1.924245244783781
      ], 
      "median": 1.6736649176504308, 
      "q90%": 1.770944041426008, 
      "q10%": 1.5793971363790065, 
      "q25%": 1.6238930680544013, 
      "q01%": 1.4956164072342948, 
      "q75%": 1.7246040931883853, 
      "1sigma": [
        1.5995045925743334, 
        1.7478894247116201
      ], 
      "2sigma": [
        1.5251694477553406, 
        1.8298868187110804
      ], 
      "q99%": 1.8648948911573378, 
      "sigma": 0.07419241606864335
    }, 
    {
      "5sigma": [
        0.19635058965576133, 
        2.0470633821944713
      ],