{
  "global evidence": -3.413690939072212, 
  "modes": [
    {
      "index": 0, 
      "local log-evidence": -3.413690939072212, 
      "strictly local log-evidence": -3.413690939072212, 
      "local log-evidence error": 0.11834121788125555, 
      "maximum": [
        4.010662382498465, 
        1.1070863787948604, 
        17.120172163640337, 
        -0.6899513573302647, 
        -2.0, 
        1.0, 
        5.117748761293325, 
        16.43022080631007, 
        2.0119497304522156, 
        1.6701245149059853, 
        1.2464164370933042, 
        0.28219978965644593, 
        0.3514224587545178, 
        0.12841928199344346
      ], 
      "maximum a posterior": [
        4.010662382498465, 
        1.1070863787948604, 
        17.120172163640337, 
        -0.6899513573302647, 
        -2.0, 
        1.0, 
        5.117748761293325, 
        16.43022080631007, 
        2.0119497304522156, 
        1.6701245149059853, 
        1.2464164370933042, 
        0.28219978965644593, 
        0.3514224587545178, 
        0.12841928199344346
      ], 
      "sigma": [
        1.3494549662351976, 
        0.4425706259363188, 
        0.566285081582705, 
        0.40210620372269434, 
        2.1073424255447017e-08, 
        1.0536712127723509e-08, 
        1.2024960835547744, 
        0.23873128847006314, 
        0.10254742056769602, 
        3.396898945677527e+69, 
        2.692571568921718e+54, 
        0.03731252446093517, 
        9.261509740420399e+59, 
        0.3140605582374015
      ], 
      "strictly local log-evidence error": 0.11834121788125546, 
      "mean": [
        3.6651223756813, 
        1.6055725071919116, 
        17.738941225636182, 
        -1.132014881744518, 
        -1.9999999999999998, 
        0.9999999999999999, 
        5.270694882873212, 
        16.606926343891708, 
        1.9568834608976622, 
        2.3230996093405052e+49, 
        6.652581949282036e+38, 
        0.27082037266118125, 
        6.324683446417717e+49, 
        0.25040364345084987
      ]
    }
  ], 
  "nested sampling global log-evidence": -3.413690939072212, 
  "marginals": [
    {
      "5sigma": [
        2.001681468012211, 
        6.499896236330329
      ], 
      "3sigma": [
        2.0047655781957667, 
        6.4905428380143535
      ], 
      "median": 3.1875739555592477, 
      "q90%": 5.78118425334778, 
      "q10%": 2.2284538211065774, 
      "q25%": 2.4924202298552727, 
      "q01%": 2.0289025139726844, 
      "q75%": 4.7914396022678964, 
      "1sigma": [
        2.323707284324733, 
        5.404827890770858
      ], 
      "2sigma": [
        2.071035852213842, 
        6.328684539994891
      ], 
      "q99%": 6.418909176794214, 
      "sigma": 1.5405603032230626
    }, 
    {
      "5sigma": [
        0.7446908986846339, 
        3.3896760956565046
      ], 
      "3sigma": [
        0.8759739037823142, 
        2.6203346537735417
      ], 
      "median": 1.5306884700512515, 
      "q90%": 2.25919980407848, 
      "q10%": 1.0729801049230054, 
      "q25%": 1.215286413873622, 
      "q01%": 0.9358292113481643, 
      "q75%": 1.9849430809481714, 
      "1sigma": [
        1.1299441967996362, 
        2.152630019496848
      ], 
      "2sigma": [
        0.9767582517817915, 
        2.405544446493577
      ], 
      "q99%": 2.4742489229299482, 
      "sigma": 0.5113429113486059
    }, 
    {
      "5sigma": [
        16.259149215355535, 
        19.998251869439326
      ], 
      "3sigma": [
        16.70606841428014, 
        19.948517666625172
      ], 
      "median": 17.677861960686105, 
      "q90%": 18.426494863153856, 
      "q10%": 17.084997139886763, 
      "q25%": 17.305016296549645, 
      "q01%": 16.836297529551338, 
      "q75%": 18.061072534015246, 
      "1sigma": [
        17.176834423296317, 
        18.25210801108283
      ], 
      "2sigma": [
        16.906620738670625, 
        19.242838460288098
      ], 
      "q99%": 19.604425525138865, 
      "sigma": 0.537636793893256
    }, 
    {
      "5sigma": [
        -2.4642189622204045, 
        -0.046989036015491
      ], 
      "3sigma": [
        -2.327801985699464, 
        -0.3023638894925027
      ], 
      "median": -1.0956863696198031, 
      "q90%": -0.6315871740618217, 
      "q10%": -1.6833612582952944, 
      "q25%": -1.4212577445551786, 
      "q01%": -2.1752961009384024, 
      "q75%": -0.8112791333606916, 
      "1sigma": [
        -1.5593446442695207, 
        -0.709292442040399
      ], 
      "2sigma": [
        -1.9470384051675533, 
        -0.4957343037896044
      ], 
      "q99%": -0.43386206953368145, 
      "sigma": 0.42502610111456085
    }, 
    {
      "5sigma": [
        -2.0, 
        -2.0
      ], 
      "3sigma": [
        -2.0, 
        -2.0
      ], 
      "median": -2.0, 
      "q90%": -2.0, 
      "q10%": -2.0, 
      "q25%": -2.0, 
      "q01%": -2.0, 
      "q75%": -2.0, 
      "1sigma": [
        -2.0, 
        -2.0
      ], 
      "2sigma": [
        -2.0, 
        -2.0
      ], 
      "q99%": -2.0, 
      "sigma": 0.0
    }, 
    {
      "5sigma": [
        1.0, 
        1.0
      ], 
      "3sigma": [
        1.0, 
        1.0
      ], 
      "median": 1.0, 
      "q90%": 1.0, 
      "q10%": 1.0, 
      "q25%": 1.0, 
      "q01%": 1.0, 
      "q75%": 1.0, 
      "1sigma": [
        1.0, 
        1.0
      ], 
      "2sigma": [
        1.0, 
        1.0
      ], 
      "q99%": 1.0, 
      "sigma": 0.0
    }, 
    {
      "5sigma": [
        3.120333679216647, 
        9.002343415237988
      ], 
      "3sigma": [
        3.380125336864603, 
        8.774551441320746
      ], 
      "median": 4.877759943680492, 
      "q90%": 7.169139950312799, 
      "q10%": 4.006813716087889, 
      "q25%": 4.334988092563147, 
      "q01%": 3.5947174403331292, 
      "q75%": 6.146617017564436, 
      "1sigma": [
        4.134840743281994, 
        6.759778799358618
      ], 
      "2sigma": [
        3.7038616999178795, 
        7.78985912329039
      ], 
      "q99%": 8.34742773759967, 
      "sigma": 1.3124690280383122
    }, 
    {
      "5sigma": [
        15.879806870321797, 
        17.67498739886125
      ], 
      "3sigma": [
        16.17729361124901, 
        17.642473227685905
      ], 
      "median": 16.546759496371507, 
      "q90%": 16.910626528417268, 
      "q10%": 16.372869737760606, 
      "q25%": 16.44743706607035, 
      "q01%": 16.250209314449787, 
      "q75%": 16.716203805339088, 
      "1sigma": [
        16.405915191216742, 
        16.819669396778362
      ], 
      "2sigma": [
        16.28851112494136, 
        17.29348497411054
      ], 
      "q99%": 17.43731944218738, 
      "sigma": 0.20687710278081006
    }, 
    {
      "5sigma": [
        1.5047743524571067, 
        2.499607330915132
      ], 
      "3sigma": [
        1.66707911266542, 
        2.2840925298568093
      ], 
      "median": 1.956573246749675, 
      "q90%": 2.0887301317281164, 
      "q10%": 1.825578265651646, 
      "q25%": 1.8867934847175862, 
      "q01%": 1.725306731561067, 
      "q75%": 2.0221994388464806, 
      "1sigma": [
        1.853855876886323, 
        2.0608241908421427
      ], 
      "2sigma": [
        1.7582206605699155, 
        2.1605011708604427
      ], 
      "q99%": 2.19843442715023, 
      "sigma": 0.10348415697790991
    }, 
    {
      "5sigma": [
        1.1815246225764364, 
        2.125698807748893
      ], 
      "3sigma": [
        1.4500066774359244, 
        1.9313859130603312
      ], 
      "median": 1.7056570366286918, 
      "q90%": 1.8043110064316275, 
      "q10%": 1.596861680114749, 
      "q25%": 1.6498339174642194, 
      "q01%": 1.516930714526136, 
      "q75%": 1.758125183754886, 
      "1sigma": [
        1.621601083620423, 
        1.7847932780980817
      ], 
      "2sigma": [
        1.5482197238918178, 
        1.8565156249973356
      ], 
      "q99%": 1.8855313347318767,