{
  "global evidence": 3.1520815657399375, 
  "modes": [
    {
      "index": 0, 
      "local log-evidence": 3.1156993964931665, 
      "strictly local log-evidence": 2.441151437099544, 
      "local log-evidence error": 0.12222120791544364, 
      "maximum": [
        2.70893595217335, 
        2.9383541405733298, 
        17.10781959385311, 
        -2.146643224695571, 
        -1.7, 
        1.0, 
        5.64729009274668, 
        14.96117636915754, 
        0.4757210474628547, 
        0.38012023708489645, 
        0.31063128984002236, 
        0.02009757334587375, 
        0.029443622718644286, 
        0.02036154573273826
      ], 
      "maximum a posterior": [
        2.70893595217335, 
        2.9383541405733298, 
        17.10781959385311, 
        -2.146643224695571, 
        -1.7, 
        1.0, 
        5.64729009274668, 
        14.96117636915754, 
        0.4757210474628547, 
        0.38012023708489645, 
        0.31063128984002236, 
        0.02009757334587375, 
        0.029443622718644286, 
        0.02036154573273826
      ], 
      "sigma": [
        0.2650141836305994, 
        0.48443548466917824, 
        0.2869176752653946, 
        0.23256939634335577, 
        6.322027276634104e-08, 
        NaN, 
        0.29400066181144585, 
        0.06539324829181814, 
        0.016249119114656662, 
        0.013292521768960364, 
        0.028097869866621515, 
        0.0017435199957234184, 
        0.005477564266467463, 
        0.0061578706579129274
      ], 
      "strictly local log-evidence error": 0.13781422851205702, 
      "mean": [
        2.758665799089583, 
        2.7516026034313534, 
        16.92675956584389, 
        -1.9934546904670407, 
        -1.6999999999999984, 
        1.0000000000000002, 
        5.510268402520935, 
        14.93330487537684, 
        0.47702922641949197, 
        0.3796545321129411, 
        0.29197340664374977, 
        0.019616033984910047, 
        0.027015832944183818, 
        0.017525951871520565
      ]
    }, 
    {
      "index": 1, 
      "local log-evidence": -0.17973084711459456, 
      "strictly local log-evidence": -1.048448425715837, 
      "local log-evidence error": 0.13489024827617346, 
      "maximum": [
        5.733645023952326, 
        0.9567746031745363, 
        16.094585031719628, 
        -1.0715043858119828, 
        -1.7, 
        1.0, 
        6.690419627126862, 
        15.023080645907646, 
        0.4611635218613577, 
        0.3888125039934639, 
        0.23842756298552076, 
        0.021162460677654725, 
        0.028295779086435335, 
        0.011340364699809365
      ], 
      "maximum a posterior": [
        5.733645023952326, 
        0.9567746031745363, 
        16.094585031719628, 
        -1.0715043858119828, 
        -1.7, 
        1.0, 
        6.690419627126862, 
        15.023080645907646, 
        0.4611635218613577, 
        0.3888125039934639, 
        0.23842756298552076, 
        0.021162460677654725, 
        0.028295779086435335, 
        0.011340364699809365
      ], 
      "sigma": [
        0.5648274650750655, 
        0.0429578245427188, 
        0.09368078645195199, 
        0.0760129011539053, 
        NaN, 
        0.0, 
        0.5558485349625192, 
        0.029135247337403622, 
        0.010407218707486324, 
        0.007923420983869956, 
        0.027164125407298827, 
        0.0011917283228685175, 
        0.0035178394435806054, 
        0.00324937697244585
      ], 
      "strictly local log-evidence error": 0.7603935370394931, 
      "mean": [
        5.5135421515186005, 
        0.9680203225309815, 
        16.089896313805635, 
        -1.0825042423529663, 
        -1.7000000000000004, 
        1.0, 
        6.481562474049582, 
        15.00739207145267, 
        0.458423715734621, 
        0.38993337083052987, 
        0.2338297989187105, 
        0.020503960015890325, 
        0.027704461569908904, 
        0.011300220199505693
      ]
    }
  ], 
  "nested sampling global log-evidence": 3.1520815657399375, 
  "marginals": [
    {
      "5sigma": [
        2.002797037343107, 
        6.496293338501489
      ], 
      "3sigma": [
        2.0316203975248763, 
        6.4633768406192225
      ], 
      "median": 2.809254763617067, 
      "q90%": 4.093854801770549, 
      "q10%": 2.3833545854041764, 
      "q25%": 2.567383857658931, 
      "q01%": 2.1498675612197267, 
      "q75%": 3.1253160854858986, 
      "1sigma": [
        2.461466942551898, 
        3.3783611580619595
      ], 
      "2sigma": [
        2.2189748713263855, 
        5.846610444379258
      ], 
      "q99%": 6.267010266958227, 
      "sigma": 0.4584471077550307
    }, 
    {
      "5sigma": [
        0.5174632613190498, 
        3.4986166906496763
      ], 
      "3sigma": [
        0.8512127868576663, 
        3.497868964069349
      ], 
      "median": 2.6484005176506322, 
      "q90%": 3.319103526602309, 
      "q10%": 1.2174443867690456, 
      "q25%": 2.0655095152364606, 
      "q01%": 0.9073069721549045, 
      "q75%": 3.0642879119829645, 
      "1sigma": [
        1.6530248730813935, 
        3.213292620135645
      ], 
      "2sigma": [
        0.9511711989522904, 
        3.45497587888247
      ], 
      "q99%": 3.4856445531367077, 
      "sigma": 0.7801338735271258
    }, 
    {
      "5sigma": [
        15.005013644695282, 
        19.184839740180195
      ], 
      "3sigma": [
        15.694239760387427, 
        17.909885242072896
      ], 
      "median": 16.772776225376365, 
      "q90%": 17.308524414536947, 
      "q10%": 16.251725719252995, 
      "q25%": 16.515130151375573, 
      "q01%": 15.941837947755051, 
      "q75%": 17.06925306969821, 
      "1sigma": [
        16.379713519293336, 
        17.19727113795569
      ], 
      "2sigma": [
        16.012648660466876, 
        17.51009862129834
      ], 
      "q99%": 17.60533607264296, 
      "sigma": 0.40877880933117616
    }, 
    {
      "5sigma": [
        -2.9938577894425817, 
        -0.35258017138348763
      ], 
      "3sigma": [
        -2.586455266744947, 
        -0.8055135383174435
      ], 
      "median": -1.865508524572867, 
      "q90%": -1.337652786234515, 
      "q10%": -2.2935053775650625, 
      "q25%": -2.1106621335323434, 
      "q01%": -2.4679874524245498, 
      "q75%": -1.6343361079562688, 
      "1sigma": [
        -2.216060501703457, 
        -1.4925024717537838
      ], 
      "2sigma": [
        -2.420676387972675, 
        -1.0394710858371643
      ], 
      "q99%": -0.9649831088194181, 
      "sigma": 0.36177901497483667
    }, 
    {
      "5sigma": [
        -1.7, 
        -1.7
      ], 
      "3sigma": [
        -1.7, 
        -1.7
      ], 
      "median": -1.7, 
      "q90%": -1.7, 
      "q10%": -1.7, 
      "q25%": -1.7, 
      "q01%": -1.7, 
      "q75%": -1.7, 
      "1sigma": [
        -1.7, 
        -1.7
      ], 
      "2sigma": [
        -1.7, 
        -1.7
      ], 
      "q99%": -1.7, 
      "sigma": 0.0
    }, 
    {
      "5sigma": [
        1.0, 
        1.0
      ], 
      "3sigma": [
        1.0, 
        1.0
      ], 
      "median": 1.0, 
      "q90%": 1.0, 
      "q10%": 1.0, 
      "q25%": 1.0, 
      "q01%": 1.0, 
      "q75%": 1.0, 
      "1sigma": [
        1.0, 
        1.0
      ], 
      "2sigma": [
        1.0, 
        1.0
      ], 
      "q99%": 1.0, 
      "sigma": 0.0
    }, 
    {
      "5sigma": [
        2.9937790473862904, 
        8.635250153707846
      ], 
      "3sigma": [
        4.651227260760114, 
        7.615336611286911
      ], 
      "median": 5.49760384222874, 
      "q90%": 5.958564066538631, 
      "q10%": 5.017238223072554, 
      "q25%": 5.231498369985404, 
      "q01%": 4.783140774838921, 
      "q75%": 5.756152972176553, 
      "1sigma": [
        5.105749270054524, 
        5.865446293687042
      ], 
      "2sigma": [
        4.864210204836811, 
        6.855622137260897
      ], 
      "q99%": 7.302941671514041,