{
  "global evidence": 0.48263532173630064, 
  "modes": [
    {
      "index": 0, 
      "local log-evidence": 0.48263532173630064, 
      "strictly local log-evidence": 0.48263532173630064, 
      "local log-evidence error": 0.12706095930564218, 
      "maximum": [
        3.5738619996676126, 
        1.2403552263206683, 
        16.958688301288483, 
        -1.1982145864039437, 
        -2.0, 
        1.0, 
        4.814217225988281, 
        15.760473714884538, 
        0.8648047472689464, 
        0.7273229669338831, 
        0.49987615061919316, 
        0.0685508231901099, 
        0.07266894103424773, 
        0.022934748608890738
      ], 
      "maximum a posterior": [
        3.5738619996676126, 
        1.2403552263206683, 
        16.958688301288483, 
        -1.1982145864039437, 
        -2.0, 
        1.0, 
        4.814217225988281, 
        15.760473714884538, 
        0.8648047472689464, 
        0.7273229669338831, 
        0.49987615061919316, 
        0.0685508231901099, 
        0.07266894103424773, 
        0.022934748608890738
      ], 
      "sigma": [
        1.2704175130329571, 
        0.5752992999721889, 
        0.3219338014963546, 
        0.29649780265117254, 
        0.0, 
        0.0, 
        0.8771816358226989, 
        0.10394575471842042, 
        0.037797625734395275, 
        0.027380157367190232, 
        6.276350283899959e+37, 
        0.004642069862120166, 
        0.03627547434603065, 
        0.03998674542645045
      ], 
      "strictly local log-evidence error": 0.12706095930564223, 
      "mean": [
        3.2697578654634003, 
        1.8028928288140302, 
        17.260903595612984, 
        -1.4166400094372926, 
        -2.0, 
        1.0, 
        5.072650694277431, 
        15.844263586175694, 
        0.8744561151410424, 
        0.7191257789441831, 
        1364255487.3787975, 
        0.06689887806471682, 
        0.06451181388442662, 
        0.03471661221698418
      ]
    }
  ], 
  "nested sampling global log-evidence": 0.48263532173630064, 
  "marginals": [
    {
      "5sigma": [
        2.000095627326821, 
        6.487178023357487
      ], 
      "3sigma": [
        2.0013927471495183, 
        6.473948874369039
      ], 
      "median": 2.7529852587799803, 
      "q90%": 5.445710930766195, 
      "q10%": 2.0925195745549363, 
      "q25%": 2.260548975404633, 
      "q01%": 2.0115221302251736, 
      "q75%": 3.9847002976537436, 
      "1sigma": [
        2.1459597091508695, 
        4.856010103251672
      ], 
      "2sigma": [
        2.026532822440374, 
        6.289170646191867
      ], 
      "q99%": 6.399241282322722, 
      "sigma": 1.355025197050401
    }, 
    {
      "5sigma": [
        0.5300373543299665, 
        3.2980179252102753
      ], 
      "3sigma": [
        0.8520085024837304, 
        3.0976750822416173
      ], 
      "median": 1.8254117686517315, 
      "q90%": 2.5838422873175357, 
      "q10%": 1.0790218504301414, 
      "q25%": 1.2390323598649373, 
      "q01%": 0.9311073678001164, 
      "q75%": 2.277532540969282, 
      "1sigma": [
        1.1341843645813146, 
        2.4670374440723677
      ], 
      "2sigma": [
        0.9684843030774692, 
        2.8439906128454693
      ], 
      "q99%": 2.9641378490216317, 
      "sigma": 0.6664265397455266
    }, 
    {
      "5sigma": [
        16.313188999165387, 
        19.999945578277885
      ], 
      "3sigma": [
        16.477157993907547, 
        18.87995380230995
      ], 
      "median": 17.312066131108086, 
      "q90%": 17.61670539340262, 
      "q10%": 16.823893218311007, 
      "q25%": 17.011604129159025, 
      "q01%": 16.574671807434754, 
      "q75%": 17.481741361836086, 
      "1sigma": [
        16.904029559222245, 
        17.552049392449714
      ], 
      "2sigma": [
        16.651834007777794, 
        17.76372083077314
      ], 
      "q99%": 17.948800144665867, 
      "sigma": 0.32400991661373446
    }, 
    {
      "5sigma": [
        -2.9151532406305174, 
        -0.4896451945318053
      ], 
      "3sigma": [
        -2.532115339099782, 
        -0.6424850784960003
      ], 
      "median": -1.4506590656498024, 
      "q90%": -1.0133270165679449, 
      "q10%": -1.7862949419181948, 
      "q25%": -1.6159820950777022, 
      "q01%": -2.035079184977413, 
      "q75%": -1.2003474967057304, 
      "1sigma": [
        -1.7059977715509187, 
        -1.087397383776768
      ], 
      "2sigma": [
        -1.9356681608441682, 
        -0.8451731336644507
      ], 
      "q99%": -0.7789890669158542, 
      "sigma": 0.3093001938870753
    }, 
    {
      "5sigma": [
        -2.0, 
        -2.0
      ], 
      "3sigma": [
        -2.0, 
        -2.0
      ], 
      "median": -2.0, 
      "q90%": -2.0, 
      "q10%": -2.0, 
      "q25%": -2.0, 
      "q01%": -2.0, 
      "q75%": -2.0, 
      "1sigma": [
        -2.0, 
        -2.0
      ], 
      "2sigma": [
        -2.0, 
        -2.0
      ], 
      "q99%": -2.0, 
      "sigma": 0.0
    }, 
    {
      "5sigma": [
        1.0, 
        1.0
      ], 
      "3sigma": [
        1.0, 
        1.0
      ], 
      "median": 1.0, 
      "q90%": 1.0, 
      "q10%": 1.0, 
      "q25%": 1.0, 
      "q01%": 1.0, 
      "q75%": 1.0, 
      "1sigma": [
        1.0, 
        1.0
      ], 
      "2sigma": [
        1.0, 
        1.0
      ], 
      "q99%": 1.0, 
      "sigma": 0.0
    }, 
    {
      "5sigma": [
        3.0242317533233125, 
        9.090988229630856
      ], 
      "3sigma": [
        3.7494054627956905, 
        7.834144366737281
      ], 
      "median": 4.776832001215834, 
      "q90%": 6.606984849600753, 
      "q10%": 4.282003432682752, 
      "q25%": 4.495565475160662, 
      "q01%": 3.9667283673723097, 
      "q75%": 5.247119672375524, 
      "1sigma": [
        4.37740115088994, 
        6.041723592791761
      ], 
      "2sigma": [
        4.097580115422485, 
        7.398170184343805
      ], 
      "q99%": 7.6007735520953315, 
      "sigma": 0.8321612209509102
    }, 
    {
      "5sigma": [
        15.546933011595813, 
        17.42288306803581
      ], 
      "3sigma": [
        15.64946990652162, 
        16.57429508287235
      ], 
      "median": 15.828396636626902, 
      "q90%": 15.968689969430422, 
      "q10%": 15.735859253157635, 
      "q25%": 15.775947559035153, 
      "q01%": 15.673856952562362, 
      "q75%": 15.895046073663174, 
      "1sigma": [
        15.751784797744936, 
        15.935589547860106
      ], 
      "2sigma": [
        15.69650019584085, 
        16.069738294291803
      ], 
      "q99%": 16.159559212887054, 
      "sigma": 0.09190237505758514
    }, 
    {
      "5sigma": [
        0.06217040840352167, 
        1.0614526776785154
      ], 
      "3sigma": [
        0.7550409742985728, 
        0.9907104194270748
      ], 
      "median": 0.8748480083084924, 
      "q90%": 0.9225325187688035, 
      "q10%": 0.8260442289846134, 
      "q25%": 0.849623436183157, 
      "q01%": 0.7806877661813242, 
      "q75%": 0.8987798010851008, 
      "1sigma": [
        0.8370149725329734, 
        0.9103909264795562
      ], 
      "2sigma": [
        0.7987970322930773, 
        0.949467449043079
      ], 
      "q99%": 0.9636613263471616, 
      "sigma": 0.0366879769732914
    }, 
    {
      "5sigma": [
        0.031653873545297424, 
        0.8718305341267493
      ], 
      "3sigma": [
        0.6334405378762978, 
        0.8067262317571694
      ], 
      "median": 0.7187623042414861, 
      "q90%": 0.7543009873589595, 
      "q10%": 0.68521966886986, 
      "q25%": 0.6999278863071933, 
      "q01%": 0.6550923719863588, 
      "q75%": 0.7376830632063239, 
      "1sigma": [
        0.6917378830360067, 
        0.7468884399414578
      ], 
      "2sigma": [
        0.666323252298006, 
        0.7731053162105926
      ], 
      "q99%": 0.7825852780871757, 
      "sigma": 0.02757527845272556
    }, 
    {
      "5sigma": [
        0.009412983901223583, 
        0.861553483997747
      ],