{
  "global evidence": -0.4414992662095549, 
  "modes": [
    {
      "index": 0, 
      "local log-evidence": -0.4414992662095549, 
      "strictly local log-evidence": -0.4414992662095549, 
      "local log-evidence error": 0.13018071636748954, 
      "maximum": [
        3.1766976310547452, 
        2.5721863613276135, 
        17.339724519440697, 
        -1.9895238972697942, 
        -1.48, 
        1.0, 
        5.748883992382359, 
        15.350200622170902, 
        0.9496330848774004, 
        0.8571283733731616, 
        0.7400376920339093, 
        0.05924194314828486, 
        0.12118834297842121, 
        0.1031586317660779
      ], 
      "maximum a posterior": [
        3.1766976310547452, 
        2.5721863613276135, 
        17.339724519440697, 
        -1.9895238972697942, 
        -1.48, 
        1.0, 
        5.748883992382359, 
        15.350200622170902, 
        0.9496330848774004, 
        0.8571283733731616, 
        0.7400376920339093, 
        0.05924194314828486, 
        0.12118834297842121, 
        0.1031586317660779
      ], 
      "sigma": [
        1.0899581370512275, 
        0.7015881924983085, 
        0.48910082637501356, 
        0.42087829122021414, 
        NaN, 
        NaN, 
        0.6390549029880116, 
        0.13014197032686242, 
        0.05277854060072478, 
        0.04399752345944657, 
        14943960911.41087, 
        0.003456469031197707, 
        0.02733593293178105, 
        0.04854932028299166
      ], 
      "strictly local log-evidence error": 0.1301807163674894, 
      "mean": [
        3.7480188035619317, 
        2.0915386171553485, 
        16.852770309044622, 
        -1.5551859778863664, 
        -1.4800000000000022, 
        1.0000000000000002, 
        5.839557420717284, 
        15.297584331158273, 
        0.9471082713721654, 
        0.8661689757179424, 
        0.6805070501282959, 
        0.05921508981796084, 
        0.10802561647470711, 
        0.08408755483344305
      ]
    }
  ], 
  "nested sampling global log-evidence": -0.4414992662095549, 
  "marginals": [
    {
      "5sigma": [
        2.0934613784393465, 
        6.497284482075552
      ], 
      "3sigma": [
        2.3360631264052234, 
        6.489828712319852
      ], 
      "median": 3.320586343773421, 
      "q90%": 5.7284040220146135, 
      "q10%": 2.753662588034518, 
      "q25%": 3.0176186233933064, 
      "q01%": 2.4645481821863138, 
      "q75%": 4.237115609067266, 
      "1sigma": [
        2.86725507971266, 
        5.2292571166275374
      ], 
      "2sigma": [
        2.5408906600306045, 
        6.277718859496456
      ], 
      "q99%": 6.424983391072727, 
      "sigma": 1.1810010184574387
    }, 
    {
      "5sigma": [
        0.5495159505905932, 
        3.4948319075806586
      ], 
      "3sigma": [
        0.9001123389185789, 
        3.4879337273490214
      ], 
      "median": 2.2286654041288507, 
      "q90%": 2.975485130114715, 
      "q10%": 1.0865539185581423, 
      "q25%": 1.379565048202452, 
      "q01%": 0.9458563388610942, 
      "q75%": 2.6173708112074108, 
      "1sigma": [
        1.1740625848721242, 
        2.815044380378416
      ], 
      "2sigma": [
        0.9819460325339235, 
        3.29709549481928
      ], 
      "q99%": 3.396646385249861, 
      "sigma": 0.820490897753146
    }, 
    {
      "5sigma": [
        15.50843263095413, 
        19.841853716026893
      ], 
      "3sigma": [
        15.80961421715114, 
        18.954605760703686
      ], 
      "median": 16.863818711843244, 
      "q90%": 17.467099036252595, 
      "q10%": 16.17900928232708, 
      "q25%": 16.499385791886986, 
      "q01%": 15.90772271712047, 
      "q75%": 17.198319167321237, 
      "1sigma": [
        16.30758188775312, 
        17.333519195138102
      ], 
      "2sigma": [
        15.979575577235476, 
        17.76235698242376
      ], 
      "q99%": 17.98639895361334, 
      "sigma": 0.5129686536924911
    }, 
    {
      "5sigma": [
        -2.999350471018322, 
        -0.29688171436276245
      ], 
      "3sigma": [
        -2.6076806674766964, 
        -0.5887587395579975
      ], 
      "median": -1.6186186510634688, 
      "q90%": -0.9141101225810903, 
      "q10%": -2.063357279726608, 
      "q25%": -1.8836287550650712, 
      "q01%": -2.3038975146024705, 
      "q75%": -1.2346771770711262, 
      "1sigma": [
        -1.9855736459473106, 
        -1.0340647703032122
      ], 
      "2sigma": [
        -2.2012336416988245, 
        -0.7349008519808385
      ], 
      "q99%": -0.6734003067666762, 
      "sigma": 0.4757544378220492
    }, 
    {
      "5sigma": [
        -1.48, 
        -1.48
      ], 
      "3sigma": [
        -1.48, 
        -1.48
      ], 
      "median": -1.48, 
      "q90%": -1.48, 
      "q10%": -1.48, 
      "q25%": -1.48, 
      "q01%": -1.48, 
      "q75%": -1.48, 
      "1sigma": [
        -1.48, 
        -1.48
      ], 
      "2sigma": [
        -1.48, 
        -1.48
      ], 
      "q99%": -1.48, 
      "sigma": 0.0
    }, 
    {
      "5sigma": [
        1.0, 
        1.0
      ], 
      "3sigma": [
        1.0, 
        1.0
      ], 
      "median": 1.0, 
      "q90%": 1.0, 
      "q10%": 1.0, 
      "q25%": 1.0, 
      "q01%": 1.0, 
      "q75%": 1.0, 
      "1sigma": [
        1.0, 
        1.0
      ], 
      "2sigma": [
        1.0, 
        1.0
      ], 
      "q99%": 1.0, 
      "sigma": 0.0
    }, 
    {
      "5sigma": [
        3.1202437145119752, 
        9.352196497351672
      ], 
      "3sigma": [
        4.829920001350681, 
        8.561944761788238
      ], 
      "median": 5.702525982283421, 
      "q90%": 6.892259996362788, 
      "q10%": 5.208036598284019, 
      "q25%": 5.431771129156211, 
      "q01%": 4.95154988995711, 
      "q75%": 5.956141764008832, 
      "1sigma": [
        5.311480740886389, 
        6.373360806055363
      ], 
      "2sigma": [
        5.036973090979951, 
        7.507702305746381
      ], 
      "q99%": 7.762011203051547, 
      "sigma": 0.5309400325844869
    }, 
    {
      "5sigma": [
        15.012824998000587, 
        17.091201814025776
      ], 
      "3sigma": [
        15.091728597931324, 
        16.424841389999997
      ], 
      "median": 15.272483717747447, 
      "q90%": 15.432691786584316, 
      "q10%": 15.178781368354143, 
      "q25%": 15.219412777392812, 
      "q01%": 15.124820283238552, 
      "q75%": 15.34119436724803, 
      "1sigma": [
        15.196748450870809, 
        15.387410273905216
      ], 
      "2sigma": [
        15.143545377512035, 
        15.603564323002308
      ], 
      "q99%": 15.779180146208558, 
      "sigma": 0.09533091151720363
    }, 
    {
      "5sigma": [
        0.05424603192370706, 
        1.1818141720182938
      ], 
      "3sigma": [
        0.7963191719700864, 
        1.0930506781589735
      ], 
      "median": 0.9489360026881015, 
      "q90%": 1.0144438270684744, 
      "q10%": 0.8771272285320056, 
      "q25%": 0.9106262377643431, 
      "q01%": 0.824323177268115, 
      "q75%": 0.9844988177258466, 
      "1sigma": [
        0.8925601574205826, 
        0.9999377253241059
      ], 
      "2sigma": [
        0.8415955754019675, 
        1.0441224080414913
      ], 
      "q99%": 1.0606751818597768, 
      "sigma": 0.05368878395176163
    }, 
    {
      "5sigma": [
        0.028215689617353695, 
        1.0782041070395028
      ], 
      "3sigma": [
        0.7356394494436495, 
        0.9974998727491325
      ], 
      "median": 0.8669438792160995, 
      "q90%": 0.9225056738124938, 
      "q10%": 0.8095101682544057, 
      "q25%": 0.8343395047858023, 
      "q01%": 0.7645408259817996, 
      "q75%": 0.8960059304348678, 
      "1sigma": [
        0.8202260553441117, 
        0.9111848511494709
      ], 
      "2sigma": [
        0.7777957344183642, 
        0.9500690058133532
      ], 
      "q99%": 0.9674260402754957,