{
  "global evidence": -1.269741000863285, 
  "modes": [
    {
      "index": 0, 
      "local log-evidence": -1.269741000863285, 
      "strictly local log-evidence": -1.269741000863285, 
      "local log-evidence error": 0.13317305654281988, 
      "maximum": [
        6.201987029147774, 
        1.0690024792154866, 
        16.186288865148395, 
        -0.9027481036805431, 
        -1.48, 
        1.0, 
        7.270989508363261, 
        15.283540761467851, 
        0.9243523781030132, 
        0.8871981412243293, 
        0.6496362023939568, 
        0.059734505419432773, 
        0.100604165985985, 
        0.06020987949397486
      ], 
      "maximum a posterior": [
        6.201987029147774, 
        1.0690024792154866, 
        16.186288865148395, 
        -0.9027481036805431, 
        -1.48, 
        1.0, 
        7.270989508363261, 
        15.283540761467851, 
        0.9243523781030132, 
        0.8871981412243293, 
        0.6496362023939568, 
        0.059734505419432773, 
        0.100604165985985, 
        0.06020987949397486
      ], 
      "sigma": [
        0.9284527007243054, 
        0.2557003370596285, 
        0.4213948862028934, 
        0.28898573516584397, 
        1.1733186057227569e-07, 
        NaN, 
        0.8694384795840144, 
        0.15720667613706446, 
        0.04830009769000461, 
        0.040676569595411174, 
        126205921.278565, 
        0.0031934697519759763, 
        2950.9286934224556, 
        0.06581258724422703
      ], 
      "strictly local log-evidence error": 0.1331730565428198, 
      "mean": [
        5.130404575694729, 
        1.23588375105098, 
        16.391778218257247, 
        -1.074807810818992, 
        -1.4799999999999947, 
        1.0000000000000002, 
        6.366288326745705, 
        15.316970407438237, 
        0.9147224302199758, 
        0.8865021473897062, 
        0.6452521107744871, 
        0.059850609027508994, 
        0.10969444411521354, 
        0.08291812815001504
      ]
    }
  ], 
  "nested sampling global log-evidence": -1.269741000863285, 
  "marginals": [
    {
      "5sigma": [
        2.021043056089057, 
        6.498537165409627
      ], 
      "3sigma": [
        2.4791076885855117, 
        6.4973280865458625
      ], 
      "median": 5.316489535450292, 
      "q90%": 6.25141505346486, 
      "q10%": 3.6884073871688616, 
      "q25%": 4.384797079039111, 
      "q01%": 3.3266830337201756, 
      "q75%": 5.919001408925999, 
      "1sigma": [
        3.922550119379347, 
        6.111796057867772
      ], 
      "2sigma": [
        3.444136651348734, 
        6.4458781644989545
      ], 
      "q99%": 6.485202803997954, 
      "sigma": 1.0946229692442124
    }, 
    {
      "5sigma": [
        0.5131847503487849, 
        3.474382940436921
      ], 
      "3sigma": [
        0.8775006601643695, 
        2.9131578059319536
      ], 
      "median": 1.167945625584122, 
      "q90%": 1.5471430352730575, 
      "q10%": 0.9934557447564689, 
      "q25%": 1.060402153032388, 
      "q01%": 0.9121130226471633, 
      "q75%": 1.3643105147393628, 
      "1sigma": [
        1.0221921383593568, 
        1.4723028449256528
      ], 
      "2sigma": [
        0.9419907124898466, 
        1.789014845483755
      ], 
      "q99%": 2.2228118442716744, 
      "sigma": 0.22505535328314796
    }, 
    {
      "5sigma": [
        15.480863845833149, 
        19.88937429769757
      ], 
      "3sigma": [
        15.759407289350246, 
        19.546550934320663
      ], 
      "median": 16.317943661550366, 
      "q90%": 16.781430749895573, 
      "q10%": 16.01444947365543, 
      "q25%": 16.141540538218678, 
      "q01%": 15.83260267384764, 
      "q75%": 16.515537095183046, 
      "1sigma": [
        16.073885010552228, 
        16.63575564464637
      ], 
      "2sigma": [
        15.90359554101273, 
        17.50016487068834
      ], 
      "q99%": 18.098142113310978, 
      "sigma": 0.28093531704707075
    }, 
    {
      "5sigma": [
        -2.996786192120527, 
        -0.27018151771582344
      ], 
      "3sigma": [
        -2.8314753353262754, 
        -0.5290562812594386
      ], 
      "median": -1.0367651319497704, 
      "q90%": -0.7676580305409894, 
      "q10%": -1.383130057127964, 
      "q25%": -1.2195742724355652, 
      "q01%": -2.0931189839942346, 
      "q75%": -0.8798360341738239, 
      "1sigma": [
        -1.3073938669929632, 
        -0.8141990815101168
      ], 
      "2sigma": [
        -1.7694244667698997, 
        -0.6619679086063922
      ], 
      "q99%": -0.60473401674558, 
      "sigma": 0.24659739274142323
    }, 
    {
      "5sigma": [
        -1.48, 
        -1.48
      ], 
      "3sigma": [
        -1.48, 
        -1.48
      ], 
      "median": -1.48, 
      "q90%": -1.48, 
      "q10%": -1.48, 
      "q25%": -1.48, 
      "q01%": -1.48, 
      "q75%": -1.48, 
      "1sigma": [
        -1.48, 
        -1.48
      ], 
      "2sigma": [
        -1.48, 
        -1.48
      ], 
      "q99%": -1.48, 
      "sigma": 0.0
    }, 
    {
      "5sigma": [
        1.0, 
        1.0
      ], 
      "3sigma": [
        1.0, 
        1.0
      ], 
      "median": 1.0, 
      "q90%": 1.0, 
      "q10%": 1.0, 
      "q25%": 1.0, 
      "q01%": 1.0, 
      "q75%": 1.0, 
      "1sigma": [
        1.0, 
        1.0
      ], 
      "2sigma": [
        1.0, 
        1.0
      ], 
      "q99%": 1.0, 
      "sigma": 0.0
    }, 
    {
      "5sigma": [
        2.851773528626758, 
        9.363887573722586
      ], 
      "3sigma": [
        4.808366564194395, 
        8.977589860448322
      ], 
      "median": 6.462023563619427, 
      "q90%": 7.430263669034505, 
      "q10%": 5.129923785965282, 
      "q25%": 5.581069952821057, 
      "q01%": 4.890464550127055, 
      "q75%": 7.074916650835417, 
      "1sigma": [
        5.262063093457391, 
        7.294338985399624
      ], 
      "2sigma": [
        4.969904519843345, 
        7.84275373118047
      ], 
      "q99%": 8.181586146741394, 
      "sigma": 1.0161379459711166
    }, 
    {
      "5sigma": [
        15.018203992301563, 
        17.54428455217586
      ], 
      "3sigma": [
        15.105420279479512, 
        16.711602822169198
      ], 
      "median": 15.283156472592921, 
      "q90%": 15.43677090308822, 
      "q10%": 15.207774851007214, 
      "q25%": 15.244865966336883, 
      "q01%": 15.138422856864379, 
      "q75%": 15.334744469113613, 
      "1sigma": [
        15.227259322152198, 
        15.379063433313142
      ], 
      "2sigma": [
        15.16059867327728, 
        15.742169951161648
      ], 
      "q99%": 16.005124025241038, 
      "sigma": 0.07590205558047192
    }, 
    {
      "5sigma": [
        0.052404918995941956, 
        1.1833664793519252
      ], 
      "3sigma": [
        0.7778348007073004, 
        1.0831636770015438
      ], 
      "median": 0.916243245924255, 
      "q90%": 0.9750084430911167, 
      "q10%": 0.8527435793765594, 
      "q25%": 0.8811679620307956, 
      "q01%": 0.8065717921811231, 
      "q75%": 0.9452090932115071, 
      "1sigma": [
        0.8644956284585277, 
        0.9610092863310127
      ], 
      "2sigma": [
        0.8206863150328804, 
        1.0105727488588634
      ], 
      "q99%": 1.0338629110049895, 
      "sigma": 0.0482568289362425
    }, 
    {
      "5sigma": [
        0.026041950794321842, 
        1.0851369274587674
      ], 
      "3sigma": [
        0.7509518762057461, 
        1.002884291315432
      ], 
      "median": 0.8869057381706508, 
      "q90%": 0.9381068865369795, 
      "q10%": 0.8356943219580025, 
      "q25%": 0.8591921286994625, 
      "q01%": 0.7912701049028349, 
      "q75%": 0.913336562672036, 
      "1sigma": [
        0.8462531666199826, 
        0.9267036962157276
      ], 
      "2sigma": [
        0.8051555728378731, 
        0.9649737513494477
      ], 
      "q99%": 0.9785349780650656,