{
  "global evidence": -5.880083756327454, 
  "modes": [
    {
      "index": 0, 
      "local log-evidence": -5.895618257406109, 
      "strictly local log-evidence": -5.9684293253184695, 
      "local log-evidence error": 0.14469679311154937, 
      "maximum": [
        2.432121210038242, 
        3.408592577033011, 
        16.85646582571199, 
        -1.3235095606549523, 
        -1.4506778125635582, 
        1.0, 
        5.8407137870712535, 
        15.532956265057038, 
        2.2371531771889774, 
        1.7619005603880085, 
        1.3569150637534164, 
        0.1409615403878199, 
        0.17846898966581848, 
        0.11774490406257777
      ], 
      "maximum a posterior": [
        2.432121210038242, 
        3.408592577033011, 
        16.85646582571199, 
        -1.3235095606549523, 
        -1.4506778125635582, 
        1.0, 
        5.8407137870712535, 
        15.532956265057038, 
        2.2371531771889774, 
        1.7619005603880085, 
        1.3569150637534164, 
        0.1409615403878199, 
        0.17846898966581848, 
        0.11774490406257777
      ], 
      "sigma": [
        0.32987999361705694, 
        0.5201167754874337, 
        0.5389473141511294, 
        0.4528954393969596, 
        0.1430519224070303, 
        1.4901161193847656e-08, 
        0.3850353988055844, 
        0.11165148767805926, 
        0.26659738507613695, 
        0.07618677969990507, 
        0.22139448436957085, 
        0.009712601886276534, 
        0.07747737691614473, 
        0.10676278307321874
      ], 
      "strictly local log-evidence error": 0.14908378053654525, 
      "mean": [
        2.6837944643417817, 
        2.797181058452738, 
        16.39968093955765, 
        -0.9790147386312003, 
        -1.3265623379324463, 
        0.9999999999999998, 
        5.480975522794521, 
        15.420666200926417, 
        2.1239501168513173, 
        1.7665105270920392, 
        1.2099145550810597, 
        0.14134707110197814, 
        0.1867887655046253, 
        0.1257475775825293
      ]
    }, 
    {
      "index": 1, 
      "local log-evidence": -10.052532804462798, 
      "strictly local log-evidence": -10.19088836415342, 
      "local log-evidence error": 0.16218153374412717, 
      "maximum": [
        6.295860498180692, 
        0.89786844623529, 
        15.891587442292142, 
        -0.27475650010772723, 
        -1.4707578568483772, 
        1.0, 
        7.193728944415982, 
        15.616830942184414, 
        2.149694296901846, 
        1.7879592298916764, 
        0.8583904086467466, 
        0.14017897824373543, 
        0.1618512113333315, 
        0.05182213382894591
      ], 
      "maximum a posterior": [
        6.295860498180692, 
        0.89786844623529, 
        15.891587442292142, 
        -0.27475650010772723, 
        -1.4707578568483772, 
        1.0, 
        7.193728944415982, 
        15.616830942184414, 
        2.149694296901846, 
        1.7879592298916764, 
        0.8583904086467466, 
        0.14017897824373543, 
        0.1618512113333315, 
        0.05182213382894591
      ], 
      "sigma": [
        0.38880519556029586, 
        0.04363890581841016, 
        0.1538982057994991, 
        0.11267688864832637, 
        0.04694061704226347, 
        NaN, 
        0.3980868225891373, 
        0.055519646554438695, 
        0.08268297589483706, 
        0.05762382010816574, 
        0.18949932153962276, 
        0.007451231827964531, 
        0.022759771527444878, 
        0.019021727724403404
      ], 
      "strictly local log-evidence error": 1.0028679754013021, 
      "mean": [
        5.9212223503810035, 
        0.9089287003615015, 
        15.8632773718726, 
        -0.27005834293722847, 
        -1.4242019848225667, 
        1.0000000000000002, 
        6.830151050742504, 
        15.593219028935366, 
        2.141421714422646, 
        1.813312943272564, 
        0.8674342673192065, 
        0.14741428059519032, 
        0.17444663008643344, 
        0.05962872749730546
      ]
    }
  ], 
  "nested sampling global log-evidence": -5.880083756327454, 
  "marginals": [
    {
      "5sigma": [
        2.0038939414193235, 
        6.4969521023925285
      ], 
      "3sigma": [
        2.048786032321979, 
        6.353791969269186
      ], 
      "median": 2.6606254859808485, 
      "q90%": 3.2136969814693157, 
      "q10%": 2.2863817314601125, 
      "q25%": 2.4360936136885427, 
      "q01%": 2.1325198604941327, 
      "q75%": 2.930399657870385, 
      "1sigma": [
        2.360337858926109, 
        3.0776355327909175
      ], 
      "2sigma": [
        2.171489732767586, 
        3.650000418465855
      ], 
      "q99%": 5.890359716410429, 
      "sigma": 0.35864883693240435
    }, 
    {
      "5sigma": [
        0.5002581108536679, 
        3.4998201265573816
      ], 
      "3sigma": [
        0.8446072738687355, 
        3.4971066447157866
      ], 
      "median": 2.8948706155872945, 
      "q90%": 3.385980917091297, 
      "q10%": 1.911303487937414, 
      "q25%": 2.436556371797881, 
      "q01%": 0.9232702034735784, 
      "q75%": 3.2050182440103017, 
      "1sigma": [
        2.143580630884274, 
        3.312019106198198
      ], 
      "2sigma": [
        1.2819681870741149, 
        3.4687828609475804
      ], 
      "q99%": 3.488200835191824, 
      "sigma": 0.5842192376569619
    }, 
    {
      "5sigma": [
        15.161491888459716, 
        18.75547376057545
      ], 
      "3sigma": [
        15.212863381637415, 
        17.564543603384347
      ], 
      "median": 16.390415113704165, 
      "q90%": 17.13974931358035, 
      "q10%": 15.620849832531567, 
      "q25%": 15.990054656383696, 
      "q01%": 15.270827017692703, 
      "q75%": 16.806664537942087, 
      "1sigma": [
        15.802179914878874, 
        16.99833086481474
      ], 
      "2sigma": [
        15.344111277288935, 
        17.370426845547982
      ], 
      "q99%": 17.45104258687064, 
      "sigma": 0.5980754749679331
    }, 
    {
      "5sigma": [
        -2.14005720345891, 
        -0.00010781497947973923
      ], 
      "3sigma": [
        -2.0316778111733576, 
        -0.0017628162358185435
      ], 
      "median": -0.9547198267556386, 
      "q90%": -0.322963000567685, 
      "q10%": -1.622420565655509, 
      "q25%": -1.2951691431623058, 
      "q01%": -1.9332554647764353, 
      "q75%": -0.6366533260757978, 
      "1sigma": [
        -1.5017772722891027, 
        -0.4724953065748846
      ], 
      "2sigma": [
        -1.8554361894644726, 
        -0.09657090777446181
      ], 
      "q99%": -0.027979337787945896, 
      "sigma": 0.514640982857109
    }, 
    {
      "5sigma": [
        -1.4799163984274444, 
        -0.04468317297743296
      ], 
      "3sigma": [
        -1.4793658565054149, 
        -0.5290430783816258
      ], 
      "median": -1.3544684718876727, 
      "q90%": -1.1882607032383368, 
      "q10%": -1.4579134713276285, 
      "q25%": -1.423910060527575, 
      "q01%": -1.4783593674599025, 
      "q75%": -1.2664852600628917, 
      "1sigma": [
        -1.4448052497874333, 
        -1.2308232385074727
      ], 
      "2sigma": [
        -1.47495043861364, 
        -0.8284570053487303
      ], 
      "q99%": -0.6775287627390719, 
      "sigma": 0.10699100563998032
    }, 
    {
      "5sigma": [
        1.0, 
        1.0
      ], 
      "3sigma": [
        1.0, 
        1.0
      ], 
      "median": 1.0, 
      "q90%": 1.0, 
      "q10%": 1.0, 
      "q25%": 1.0, 
      "q01%": 1.0, 
      "q75%": 1.0, 
      "1sigma": [
        1.0, 
        1.0
      ], 
      "2sigma": [
        1.0, 
        1.0
      ], 
      "q99%": 1.0, 
      "sigma": 0.0
    }, 
    {
      "5sigma": [
        2.561253350629208, 
        8.105474727627605
      ], 
      "3sigma": [
        4.628192451585372, 
        7.299855731253498
      ], 
      "median": 5.452991872276666, 
      "q90%": 6.076042549833967, 
      "q10%": 4.975329319201938, 
      "q25%": 5.200826664060287, 
      "q01%": 4.743920248618511,