{
  "global evidence": 0.26651038861976595, 
  "modes": [
    {
      "index": 0, 
      "local log-evidence": 0.26651038861976595, 
      "strictly local log-evidence": 0.26651038861976595, 
      "local log-evidence error": 0.12673359791258346, 
      "maximum": [
        3.4804687625489383, 
        2.1801917016115597, 
        17.605252202441523, 
        -1.9941837179479325, 
        -1.7, 
        1.0, 
        5.6606604641604985, 
        15.611068484493591, 
        0.958146417286825, 
        0.8640952352218606, 
        0.7895029184117165, 
        0.05981574100726509, 
        0.13144868872657203, 
        0.11553701245049508
      ], 
      "maximum a posterior": [
        3.4804687625489383, 
        2.1801917016115597, 
        17.605252202441523, 
        -1.9941837179479325, 
        -1.7, 
        1.0, 
        5.6606604641604985, 
        15.611068484493591, 
        0.958146417286825, 
        0.8640952352218606, 
        0.7895029184117165, 
        0.05981574100726509, 
        0.13144868872657203, 
        0.11553701245049508
      ], 
      "sigma": [
        1.0600583979615636, 
        0.4886135840283671, 
        0.7643790472518981, 
        0.47658123344511527, 
        5.5755039852469285e-08, 
        0.0, 
        0.9941424533875626, 
        0.33461796164285873, 
        0.04798947873407495, 
        0.04070431936686037, 
        0.09360434790964949, 
        0.003270333508836366, 
        0.041040783260347914, 
        0.10850741170602331
      ], 
      "strictly local log-evidence error": 0.12673359791258343, 
      "mean": [
        4.756648218846087, 
        1.7410012587691048, 
        17.39160384278631, 
        -1.6525935116828288, 
        -1.7, 
        1.0, 
        6.49764947761519, 
        15.739010331103463, 
        0.9365038974076686, 
        0.8732590385602127, 
        0.7694510736391503, 
        0.05926641069998355, 
        0.14409798216718137, 
        0.16735493460642376
      ]
    }
  ], 
  "nested sampling global log-evidence": 0.26651038861976595, 
  "marginals": [
    {
      "5sigma": [
        2.0036474409703398, 
        6.497618416187455
      ], 
      "3sigma": [
        2.331607740942065, 
        6.493979995026588
      ], 
      "median": 4.81897582624341, 
      "q90%": 6.1962024873594235, 
      "q10%": 3.4170434114642947, 
      "q25%": 3.7387879612444395, 
      "q01%": 2.755087904129718, 
      "q75%": 5.705607013308492, 
      "1sigma": [
        3.526374287577939, 
        6.002064628221425
      ], 
      "2sigma": [
        3.0605256874545033, 
        6.41622746579764
      ], 
      "q99%": 6.4748205822033125, 
      "sigma": 1.237845170321743
    }, 
    {
      "5sigma": [
        0.5650530114499345, 
        3.4961698054023356
      ], 
      "3sigma": [
        0.955175999769499, 
        3.259077474299654
      ], 
      "median": 1.641492364655779, 
      "q90%": 2.4488131095300045, 
      "q10%": 1.1766418007205641, 
      "q25%": 1.3187823201988296, 
      "q01%": 1.032987915507148, 
      "q75%": 2.130614435399224, 
      "1sigma": [
        1.2333553558276609, 
        2.327347462376682
      ], 
      "2sigma": [
        1.066506434853168, 
        2.7456316034319124
      ], 
      "q99%": 2.8574953988759315, 
      "sigma": 0.5469960532745105
    }, 
    {
      "5sigma": [
        15.952269328935834, 
        19.978213322679498
      ], 
      "3sigma": [
        16.200352448184347, 
        19.957713120931945
      ], 
      "median": 17.212918044437934, 
      "q90%": 18.43947889847629, 
      "q10%": 16.595846661178108, 
      "q25%": 16.824080358180886, 
      "q01%": 16.33096710640493, 
      "q75%": 17.773712624053584, 
      "1sigma": [
        16.693352766035204, 
        18.12304070398595
      ], 
      "2sigma": [
        16.393476535715322, 
        19.47455071758464
      ], 
      "q99%": 19.75926551223113, 
      "sigma": 0.714843968975373
    }, 
    {
      "5sigma": [
        -2.9987072220414848, 
        -0.4728458624377549
      ], 
      "3sigma": [
        -2.9661118101283086, 
        -0.7422013901236604
      ], 
      "median": -1.5944426924196458, 
      "q90%": -1.0850355281433084, 
      "q10%": -2.3317730882228576, 
      "q25%": -1.9727482258214837, 
      "q01%": -2.8660381683880845, 
      "q75%": -1.266154734210619, 
      "1sigma": [
        -2.167245836743353, 
        -1.159681317134521
      ], 
      "2sigma": [
        -2.7195979181928345, 
        -0.9175819424424596
      ], 
      "q99%": -0.8718756552710443, 
      "sigma": 0.503782259804416
    }, 
    {
      "5sigma": [
        -1.7, 
        -1.7
      ], 
      "3sigma": [
        -1.7, 
        -1.7
      ], 
      "median": -1.7, 
      "q90%": -1.7, 
      "q10%": -1.7, 
      "q25%": -1.7, 
      "q01%": -1.7, 
      "q75%": -1.7, 
      "1sigma": [
        -1.7, 
        -1.7
      ], 
      "2sigma": [
        -1.7, 
        -1.7
      ], 
      "q99%": -1.7, 
      "sigma": 0.0
    }, 
    {
      "5sigma": [
        1.0, 
        1.0
      ], 
      "3sigma": [
        1.0, 
        1.0
      ], 
      "median": 1.0, 
      "q90%": 1.0, 
      "q10%": 1.0, 
      "q25%": 1.0, 
      "q01%": 1.0, 
      "q75%": 1.0, 
      "1sigma": [
        1.0, 
        1.0
      ], 
      "2sigma": [
        1.0, 
        1.0
      ], 
      "q99%": 1.0, 
      "sigma": 0.0
    }, 
    {
      "5sigma": [
        3.510089172490521, 
        9.277670638083839
      ], 
      "3sigma": [
        4.8716068787064835, 
        9.164951803363723
      ], 
      "median": 6.323068376763019, 
      "q90%": 7.892841189648685, 
      "q10%": 5.315390123451035, 
      "q25%": 5.6384451469805965, 
      "q01%": 5.020756251509119, 
      "q75%": 7.282648079209463, 
      "1sigma": [
        5.439992969052977, 
        7.646768959747355
      ], 
      "2sigma": [
        5.1163583244314585, 
        8.557793210210654
      ], 
      "q99%": 8.752921824836879, 
      "sigma": 1.1033879953471892
    }, 
    {
      "5sigma": [
        15.249418581457192, 
        17.02553694581457
      ], 
      "3sigma": [
        15.34466459986865, 
        16.9911929282201
      ], 
      "median": 15.622325179564843, 
      "q90%": 16.198024998223694, 
      "q10%": 15.45767112856081, 
      "q25%": 15.515568789515042, 
      "q01%": 15.382120851987725, 
      "q75%": 15.840969266030067, 
      "1sigma": [
        15.48090295922877, 
        16.017986067882475
      ], 
      "2sigma": [
        15.403198185864326, 
        16.742762855139702
      ], 
      "q99%": 16.886091721566757, 
      "sigma": 0.2685415543268528
    }, 
    {
      "5sigma": [
        0.05699538341948677, 
        1.1833836194210865
      ], 
      "3sigma": [
        0.8082642947167106, 
        1.0940076422230702
      ], 
      "median": 0.9345544290472951, 
      "q90%": 0.9989235961980315, 
      "q10%": 0.8750112006570322, 
      "q25%": 0.9024669387232986, 
      "q01%": 0.8317330277485048, 
      "q75%": 0.9707188507113956, 
      "1sigma": [
        0.8878040144588795, 
        0.9857406792415658
      ], 
      "2sigma": [
        0.848476925935764, 
        1.0284007169894283
      ], 
      "q99%": 1.0538514520279405, 
      "sigma": 0.04896833239134318
    }, 
    {
      "5sigma": [
        0.03054579328338521, 
        1.0571995393597855
      ], 
      "3sigma": [
        0.743847630102258, 
        0.9925808936590158
      ], 
      "median": 0.8742397819373126, 
      "q90%": 0.925557048483506, 
      "q10%": 0.8223732422394635, 
      "q25%": 0.8459876701390227, 
      "q01%": 0.7727680594496255, 
      "q75%": 0.9008341800535069, 
      "1sigma": [
        0.8327220120630607, 
        0.9130466891051578
      ], 
      "2sigma": [
        0.7914790397851557, 
        0.9524835168457352
      ], 
      "q99%": 0.9640558289401654, 
      "sigma": 0.04016233852104856
    }, 
    {
      "5sigma": [
        0.009832964017779458, 
        1.0408301237997262
      ],