{
  "global evidence": -0.07563814447045814, 
  "modes": [
    {
      "index": 0, 
      "local log-evidence": -0.07563814447045814, 
      "strictly local log-evidence": -0.07563814447045814, 
      "local log-evidence error": 0.12904407501373066, 
      "maximum": [
        5.304792480828162, 
        1.236295336573061, 
        16.734756137318744, 
        -1.1676669470290308, 
        -1.7, 
        1.0, 
        6.541087817401223, 
        15.567089190289714, 
        0.9563726556843551, 
        0.8707273432350099, 
        0.7307040546273502, 
        0.059095265590048206, 
        0.1261569046872895, 
        0.1094356770186078
      ], 
      "maximum a posterior": [
        5.304792480828162, 
        1.236295336573061, 
        16.734756137318744, 
        -1.1676669470290308, 
        -1.7, 
        1.0, 
        6.541087817401223, 
        15.567089190289714, 
        0.9563726556843551, 
        0.8707273432350099, 
        0.7307040546273502, 
        0.059095265590048206, 
        0.1261569046872895, 
        0.1094356770186078
      ], 
      "sigma": [
        0.8167837326597343, 
        0.43059252089002586, 
        0.8295601351146098, 
        0.4776497474460977, 
        2.9802322387695312e-08, 
        2.356080457693621e-08, 
        0.9722784675831765, 
        0.36069221718828204, 
        0.04439404242800209, 
        0.05154966509027085, 
        3.675719984357063e+33, 
        0.0032996010934434918, 
        124993315.60464399, 
        0.11152378886565377
      ], 
      "strictly local log-evidence error": 0.12904407501373047, 
      "mean": [
        5.264957366602215, 
        1.5686055841707804, 
        17.314882514568442, 
        -1.534447004442397, 
        -1.7000000000000024, 
        0.9999999999999994, 
        6.833562950773007, 
        15.780435510126042, 
        0.9279300132366436, 
        0.8784507837478734, 
        0.7720545707463212, 
        0.05934514010513714, 
        0.1497973419103943, 
        0.18437776599740294
      ]
    }
  ], 
  "nested sampling global log-evidence": -0.07563814447045814, 
  "marginals": [
    {
      "5sigma": [
        2.0181236544964394, 
        6.4999001005649975
      ], 
      "3sigma": [
        2.3678898392243077, 
        6.496181848996465
      ], 
      "median": 5.36834860170165, 
      "q90%": 6.289599011402558, 
      "q10%": 4.066245930411938, 
      "q25%": 4.655393715197526, 
      "q01%": 3.513681741056383, 
      "q75%": 5.940829540481777, 
      "1sigma": [
        4.334544524513727, 
        6.161829763371929
      ], 
      "2sigma": [
        3.6722610194532166, 
        6.450199753791681
      ], 
      "q99%": 6.478924347389547, 
      "sigma": 0.9136426194291012
    }, 
    {
      "5sigma": [
        0.5378031682974397, 
        3.4207854075683093
      ], 
      "3sigma": [
        0.9556207197670139, 
        2.9088258854522535
      ], 
      "median": 1.4566905444797806, 
      "q90%": 2.242054149019521, 
      "q10%": 1.1485645767897563, 
      "q25%": 1.2649179837389308, 
      "q01%": 1.0137980678217826, 
      "q75%": 1.7294883713849156, 
      "1sigma": [
        1.2006192086968477, 
        1.9832076847394322
      ], 
      "2sigma": [
        1.0382930078820032, 
        2.7311432069522406
      ], 
      "q99%": 2.8275869381970775, 
      "sigma": 0.39129423802129226
    }, 
    {
      "5sigma": [
        15.98742505244419, 
        19.99835788653715
      ], 
      "3sigma": [
        16.187035432517813, 
        19.968670778714312
      ], 
      "median": 17.055221356173693, 
      "q90%": 18.608012556733815, 
      "q10%": 16.551658706075433, 
      "q25%": 16.744046986818145, 
      "q01%": 16.301943643696767, 
      "q75%": 17.592463489978073, 
      "1sigma": [
        16.63456111209442, 
        18.114760048828146
      ], 
      "2sigma": [
        16.360339536181865, 
        19.60121162566227
      ], 
      "q99%": 19.834497206239927, 
      "sigma": 0.7400994683668625
    }, 
    {
      "5sigma": [
        -2.9996482784320784, 
        -0.5640129938058135
      ], 
      "3sigma": [
        -2.9589291339225476, 
        -0.7382088557196249
      ], 
      "median": -1.4261150088567485, 
      "q90%": -1.0446698840650057, 
      "q10%": -2.2791800075053152, 
      "q25%": -1.7372106742740288, 
      "q01%": -2.8989145700981793, 
      "q75%": -1.197730309273794, 
      "1sigma": [
        -2.008993805266515, 
        -1.1164524536917562
      ], 
      "2sigma": [
        -2.7735855054394394, 
        -0.8889910635332043
      ], 
      "q99%": -0.8472859309214035, 
      "sigma": 0.44627067578737944
    }, 
    {
      "5sigma": [
        -1.7, 
        -1.7
      ], 
      "3sigma": [
        -1.7, 
        -1.7
      ], 
      "median": -1.7, 
      "q90%": -1.7, 
      "q10%": -1.7, 
      "q25%": -1.7, 
      "q01%": -1.7, 
      "q75%": -1.7, 
      "1sigma": [
        -1.7, 
        -1.7
      ], 
      "2sigma": [
        -1.7, 
        -1.7
      ], 
      "q99%": -1.7, 
      "sigma": 0.0
    }, 
    {
      "5sigma": [
        1.0, 
        1.0
      ], 
      "3sigma": [
        1.0, 
        1.0
      ], 
      "median": 1.0, 
      "q90%": 1.0, 
      "q10%": 1.0, 
      "q25%": 1.0, 
      "q01%": 1.0, 
      "q75%": 1.0, 
      "1sigma": [
        1.0, 
        1.0
      ], 
      "2sigma": [
        1.0, 
        1.0
      ], 
      "q99%": 1.0, 
      "sigma": 0.0
    }, 
    {
      "5sigma": [
        3.139946687550416, 
        9.27339542245931
      ], 
      "3sigma": [
        4.86994919474189, 
        9.179871400542963
      ], 
      "median": 6.857496449149123, 
      "q90%": 8.081609868740713, 
      "q10%": 5.453946446442205, 
      "q25%": 6.0755577398518374, 
      "q01%": 5.024703317947041, 
      "q75%": 7.544291335280005, 
      "1sigma": [
        5.7179050270667116, 
        7.844719046084957
      ], 
      "2sigma": [
        5.133056347143286, 
        8.73591840200837
      ], 
      "q99%": 8.99774494105256, 
      "sigma": 1.0634070095091226
    }, 
    {
      "5sigma": [
        15.256669663852978, 
        17.226279251307773
      ], 
      "3sigma": [
        15.351401573624381, 
        17.024640334678224
      ], 
      "median": 15.64861068938248, 
      "q90%": 16.33515464781591, 
      "q10%": 15.476767642796256, 
      "q25%": 15.53965564991005, 
      "q01%": 15.400143454912145, 
      "q75%": 15.873440337103583, 
      "1sigma": [
        15.503764456914833, 
        16.105984818122764
      ], 
      "2sigma": [
        15.431070679932875, 
        16.819358856032224
      ], 
      "q99%": 16.937700576746217, 
      "sigma": 0.3011101806039651
    }, 
    {
      "5sigma": [
        0.05592830344665978, 
        1.18835326579648
      ], 
      "3sigma": [
        0.805824925150659, 
        1.0774064209165894
      ], 
      "median": 0.9261389534326059, 
      "q90%": 0.9861682921651712, 
      "q10%": 0.8714157444978156, 
      "q25%": 0.8969447493897076, 
      "q01%": 0.8304062676714798, 
      "q75%": 0.9568867348863637, 
      "1sigma": [
        0.8842558170880306, 
        0.9725709389182504
      ], 
      "2sigma": [
        0.844803910984408, 
        1.019828928840111
      ], 
      "q99%": 1.032895928092601, 
      "sigma": 0.04415756091510992
    }, 
    {
      "5sigma": [
        0.029614022343388065, 
        1.0687527405694233
      ], 
      "3sigma": [
        0.7436266812369369, 
        0.9910904417716437
      ], 
      "median": 0.878249273715662, 
      "q90%": 0.9296441166515086, 
      "q10%": 0.8286647059250546, 
      "q25%": 0.852503490665541, 
      "q01%": 0.7866128053344895, 
      "q75%": 0.9052172079127426, 
      "1sigma": [
        0.8393022350043359, 
        0.9180692315810745
      ], 
      "2sigma": [
        0.8011455312012298, 
        0.9553291543763276
      ], 
      "q99%": 0.9701224782472512,