{
  "global evidence": -3.847577906849837, 
  "modes": [
    {
      "index": 0, 
      "local log-evidence": -3.847577906849837, 
      "strictly local log-evidence": -3.847577906849837, 
      "local log-evidence error": 0.12141485515970893, 
      "maximum": [
        2.5619162034703082, 
        1.3550222998369337, 
        17.44612143523418, 
        -0.8529617052552099, 
        -1.7, 
        1.0, 
        3.916938503307242, 
        16.593159729978968, 
        2.052497424672723, 
        1.6316162029353227, 
        0.9279028001903888, 
        0.4280362025069363, 
        0.18785331863545973, 
        0.042466915273303714
      ], 
      "maximum a posterior": [
        2.5619162034703082, 
        1.3550222998369337, 
        17.44612143523418, 
        -0.8529617052552099, 
        -1.7, 
        1.0, 
        3.916938503307242, 
        16.593159729978968, 
        2.052497424672723, 
        1.6316162029353227, 
        0.9279028001903888, 
        0.4280362025069363, 
        0.18785331863545973, 
        0.042466915273303714
      ], 
      "sigma": [
        1.3199780371090237, 
        0.4149645252823536, 
        0.5171398548809459, 
        0.38610437013260085, 
        NaN, 
        1.8250120749944284e-08, 
        1.1460326594126735, 
        0.21205500008066572, 
        0.10455492057100312, 
        8.302102647267628e+23, 
        1.7490369633961253e+66, 
        0.03749309533726096, 
        0.23316065329128313, 
        0.2765393306739534
      ], 
      "strictly local log-evidence error": 0.12141485515970894, 
      "mean": [
        3.6376129767368197, 
        1.4503435426779052, 
        17.471007282391398, 
        -0.9666847364287063, 
        -1.6999999999999988, 
        0.9999999999999997, 
        5.087956519414735, 
        16.50432254596271, 
        1.9992040599217356, 
        1.6716583250039854, 
        3.7260038465392643e+46, 
        0.413933539441959, 
        0.4063099517660603, 
        0.23918141164564966
      ]
    }
  ], 
  "nested sampling global log-evidence": -3.847577906849837, 
  "marginals": [
    {
      "5sigma": [
        2.002904566881182, 
        6.499169702790583
      ], 
      "3sigma": [
        2.009385527728414, 
        6.484874098201968
      ], 
      "median": 3.110546873884826, 
      "q90%": 5.765403005733159, 
      "q10%": 2.2776248561351404, 
      "q25%": 2.5146835248145654, 
      "q01%": 2.0533964537832814, 
      "q75%": 4.703586325624963, 
      "1sigma": [
        2.3719142053155973, 
        5.3816370433839955
      ], 
      "2sigma": [
        2.1061172489058535, 
        6.303376934317569
      ], 
      "q99%": 6.4387271919099165, 
      "sigma": 1.5048614190341991
    }, 
    {
      "5sigma": [
        0.7763985468613425, 
        2.746323133022156
      ], 
      "3sigma": [
        0.795788429467506, 
        2.577562408808531
      ], 
      "median": 1.3486151851119503, 
      "q90%": 2.1183494807722685, 
      "q10%": 0.9958859382114945, 
      "q25%": 1.1146000102809752, 
      "q01%": 0.8509596055071252, 
      "q75%": 1.709337720338017, 
      "1sigma": [
        1.0509725236783185, 
        1.9530977837059607
      ], 
      "2sigma": [
        0.894732519607284, 
        2.355680239646324
      ], 
      "q99%": 2.434755305943487, 
      "sigma": 0.4510626300138211
    }, 
    {
      "5sigma": [
        16.443951468663947, 
        19.986885222649047
      ], 
      "3sigma": [
        16.533812165715158, 
        19.702358881989827
      ], 
      "median": 17.40836898712282, 
      "q90%": 18.147402175313, 
      "q10%": 16.8696807983203, 
      "q25%": 17.065020126477336, 
      "q01%": 16.632180800378617, 
      "q75%": 17.816214405486612, 
      "1sigma": [
        16.95016490974994, 
        17.992086936340726
      ], 
      "2sigma": [
        16.701677244067966, 
        18.607509611028096
      ], 
      "q99%": 18.963561309160816, 
      "sigma": 0.520961013295393
    }, 
    {
      "5sigma": [
        -2.400236933799953, 
        -0.13219850931521512
      ], 
      "3sigma": [
        -2.2827579188365092, 
        -0.16940353094416138
      ], 
      "median": -0.9022653805813546, 
      "q90%": -0.5199761828894367, 
      "q10%": -1.518749186912667, 
      "q25%": -1.2066145171825426, 
      "q01%": -2.032407428898605, 
      "q75%": -0.6818739371739555, 
      "1sigma": [
        -1.3767076943875134, 
        -0.5996222104479833
      ], 
      "2sigma": [
        -1.8002011181468036, 
        -0.3586788510794256
      ], 
      "q99%": -0.2821057035774391, 
      "sigma": 0.38854274196976507
    }, 
    {
      "5sigma": [
        -1.7, 
        -1.7
      ], 
      "3sigma": [
        -1.7, 
        -1.7
      ], 
      "median": -1.7, 
      "q90%": -1.7, 
      "q10%": -1.7, 
      "q25%": -1.7, 
      "q01%": -1.7, 
      "q75%": -1.7, 
      "1sigma": [
        -1.7, 
        -1.7
      ], 
      "2sigma": [
        -1.7, 
        -1.7
      ], 
      "q99%": -1.7, 
      "sigma": 0.0
    }, 
    {
      "5sigma": [
        1.0, 
        1.0
      ], 
      "3sigma": [
        1.0, 
        1.0
      ], 
      "median": 1.0, 
      "q90%": 1.0, 
      "q10%": 1.0, 
      "q25%": 1.0, 
      "q01%": 1.0, 
      "q75%": 1.0, 
      "1sigma": [
        1.0, 
        1.0
      ], 
      "2sigma": [
        1.0, 
        1.0
      ], 
      "q99%": 1.0, 
      "sigma": 0.0
    }, 
    {
      "5sigma": [
        3.0974698749632084, 
        8.948624783468759
      ], 
      "3sigma": [
        3.195248290593067, 
        8.413737111534024
      ], 
      "median": 4.726753145134858, 
      "q90%": 6.93269098383346, 
      "q10%": 3.8610860847235364, 
      "q25%": 4.178065003525862, 
      "q01%": 3.4707647244872364, 
      "q75%": 5.900642563253227, 
      "1sigma": [
        4.003818504548204, 
        6.514628532539813
      ], 
      "2sigma": [
        3.596824185462921, 
        7.457217714177545
      ], 
      "q99%": 7.776253728535024, 
      "sigma": 1.2554050139958046
    }, 
    {
      "5sigma": [
        16.0510844241937, 
        17.64470436265279
      ], 
      "3sigma": [
        16.184130628789298, 
        17.479308356991208
      ], 
      "median": 16.42895480143922, 
      "q90%": 16.828846512268534, 
      "q10%": 16.31121776026489, 
      "q25%": 16.35270906839377, 
      "q01%": 16.22678053811996, 
      "q75%": 16.61810032551787, 
      "1sigma": [
        16.33045766485975, 
        16.736055298842327
      ], 
      "2sigma": [
        16.25394127492177, 
        17.0356039112221
      ], 
      "q99%": 17.17466207285478, 
      "sigma": 0.20279881699128843
    }, 
    {
      "5sigma": [
        1.5260144566091727, 
        2.47066061294358
      ], 
      "3sigma": [
        1.7043577210812382, 
        2.309660841656076
      ], 
      "median": 1.9952642571261294, 
      "q90%": 2.140432817219847, 
      "q10%": 1.8647385645872387, 
      "q25%": 1.9298450896071773, 
      "q01%": 1.772830207849825, 
      "q75%": 2.0670600584564167, 
      "1sigma": [
        1.8962660571269074, 
        2.106824776643316
      ], 
      "2sigma": [
        1.80376397917483, 
        2.207634978473638
      ], 
      "q99%": 2.2553477387650616, 
      "sigma": 0.10527935975820424
    }, 
    {
      "5sigma": [
        1.1262422955920848, 
        2.1277221980207726
      ], 
      "3sigma": [
        1.3880214189999036, 
        1.9195185326029147
      ], 
      "median": 1.6771207123413088, 
      "q90%": 1.7748871697592206, 
      "q10%": 1.5594794070049542, 
      "q25%": 1.6156087746539012, 
      "q01%": 1.4674438378844592, 
      "q75%": 1.7302435997546504, 
      "1sigma": [
        1.585377500473561, 
        1.7547743252283654
      ], 
      "2sigma": [
        1.4923696336956602, 
        1.8343031821711104
      ], 
      "q99%": 1.858369854452596, 
      "sigma": 0.08469841237740217
    }, 
    {
      "5sigma": [
        0.235468640354649, 
        2.018021734440712
      ],