{
  "global evidence": 2.58392211171673, 
  "modes": [
    {
      "index": 0, 
      "local log-evidence": 2.58392211171673, 
      "strictly local log-evidence": 2.58392211171673, 
      "local log-evidence error": 0.12314576899466533, 
      "maximum": [
        2.327527357010391, 
        3.3251656481273866, 
        16.178155558675762, 
        -1.4978349894532577, 
        -1.48, 
        1.0, 
        5.6526930051377775, 
        14.680320569222504, 
        0.46908480813293524, 
        0.381051954574112, 
        0.2546278782358453, 
        0.020381035735477733, 
        0.022933035064276835, 
        0.01306827053551917
      ], 
      "maximum a posterior": [
        2.327527357010391, 
        3.3251656481273866, 
        16.178155558675762, 
        -1.4978349894532577, 
        -1.48, 
        1.0, 
        5.6526930051377775, 
        14.680320569222504, 
        0.46908480813293524, 
        0.381051954574112, 
        0.2546278782358453, 
        0.020381035735477733, 
        0.022933035064276835, 
        0.01306827053551917
      ], 
      "sigma": [
        0.4639020215683053, 
        0.5756326548134475, 
        0.4790755968858307, 
        0.4143393390085603, 
        6.664001874625056e-08, 
        0.0, 
        0.33917811468631004, 
        0.07837139321568527, 
        0.02818191305088431, 
        0.021452567188015515, 
        0.04665870651799372, 
        0.0023781966582896268, 
        0.007000084942783716, 
        0.006795157811132165
      ], 
      "strictly local log-evidence error": 0.12314576899466533, 
      "mean": [
        2.6382175933953187, 
        2.7501791542498113, 
        16.02989417442599, 
        -1.3517273545408428, 
        -1.479999999999999, 
        1.0, 
        5.388396747645126, 
        14.678166819885115, 
        0.46736410349479135, 
        0.3837894578733457, 
        0.2368701350851521, 
        0.019851067036654246, 
        0.02322177163792058, 
        0.013084321004572025
      ]
    }
  ], 
  "nested sampling global log-evidence": 2.58392211171673, 
  "marginals": [
    {
      "5sigma": [
        2.00060578574071, 
        6.474452849905503
      ], 
      "3sigma": [
        2.022869760645041, 
        6.262839787893546
      ], 
      "median": 2.5538219395643558, 
      "q90%": 3.0646641535358157, 
      "q10%": 2.232972386956989, 
      "q25%": 2.358549209771363, 
      "q01%": 2.092847819308321, 
      "q75%": 2.8127979394605727, 
      "1sigma": [
        2.2880030414354358, 
        2.9378626454693206
      ], 
      "2sigma": [
        2.135822919871246, 
        3.481733908920006
      ], 
      "q99%": 4.976834695662175, 
      "sigma": 0.32492980201694244
    }, 
    {
      "5sigma": [
        0.5124031513214147, 
        3.499596351455063
      ], 
      "3sigma": [
        0.8260591012424695, 
        3.499190215025701
      ], 
      "median": 2.8717455342783627, 
      "q90%": 3.3846715094361497, 
      "q10%": 1.916495606407587, 
      "q25%": 2.3974426044477966, 
      "q01%": 0.9426033202913923, 
      "q75%": 3.2078632842687234, 
      "1sigma": [
        2.151682404776647, 
        3.3168289613632838
      ], 
      "2sigma": [
        1.3340982463913675, 
        3.4643759271288856
      ], 
      "q99%": 3.483563660251171, 
      "sigma": 0.5825732782933184
    }, 
    {
      "5sigma": [
        15.000072369557815, 
        18.45029176730074
      ], 
      "3sigma": [
        15.00814869861142, 
        17.40626048932417
      ], 
      "median": 16.026329282140267, 
      "q90%": 16.672306834024354, 
      "q10%": 15.402542686899455, 
      "q25%": 15.698654081638196, 
      "q01%": 15.058313051202475, 
      "q75%": 16.3310503839795, 
      "1sigma": [
        15.553148931995167, 
        16.508690966284856
      ], 
      "2sigma": [
        15.129793565244006, 
        17.04056306219998
      ], 
      "q99%": 17.20591375971948, 
      "sigma": 0.4777710171448444
    }, 
    {
      "5sigma": [
        -2.6976050651661128, 
        -0.2653979068068535
      ], 
      "3sigma": [
        -2.4781692021229658, 
        -0.41152010132092876
      ], 
      "median": -1.358910267186745, 
      "q90%": -0.8054989137737064, 
      "q10%": -1.9031417439953466, 
      "q25%": -1.6207172750363812, 
      "q01%": -2.308407362448711, 
      "q75%": -1.0679094528869542, 
      "1sigma": [
        -1.771095211867269, 
        -0.9349081633189411
      ], 
      "2sigma": [
        -2.1948348345370445, 
        -0.5467805992550671
      ], 
      "q99%": -0.48867630222226593, 
      "sigma": 0.4180935242741639
    }, 
    {
      "5sigma": [
        -1.48, 
        -1.48
      ], 
      "3sigma": [
        -1.48, 
        -1.48
      ], 
      "median": -1.48, 
      "q90%": -1.48, 
      "q10%": -1.48, 
      "q25%": -1.48, 
      "q01%": -1.48, 
      "q75%": -1.48, 
      "1sigma": [
        -1.48, 
        -1.48
      ], 
      "2sigma": [
        -1.48, 
        -1.48
      ], 
      "q99%": -1.48, 
      "sigma": 0.0
    }, 
    {
      "5sigma": [
        1.0, 
        1.0
      ], 
      "3sigma": [
        1.0, 
        1.0
      ], 
      "median": 1.0, 
      "q90%": 1.0, 
      "q10%": 1.0, 
      "q25%": 1.0, 
      "q01%": 1.0, 
      "q75%": 1.0, 
      "1sigma": [
        1.0, 
        1.0
      ], 
      "2sigma": [
        1.0, 
        1.0
      ], 
      "q99%": 1.0, 
      "sigma": 0.0
    }, 
    {
      "5sigma": [
        2.9402354979745606, 
        8.403513757273506
      ], 
      "3sigma": [
        4.611732380788714, 
        7.132272392286303
      ], 
      "median": 5.3933754238385605, 
      "q90%": 5.789710883848486, 
      "q10%": 4.944947773003855, 
      "q25%": 5.14821299991944, 
      "q01%": 4.69428055839258, 
      "q75%": 5.60649730171647, 
      "1sigma": [
        5.037601435223945, 
        5.7049526060238165
      ], 
      "2sigma": [
        4.78171309338828, 
        6.0075538744987
      ], 
      "q99%": 6.118589624607953, 
      "sigma": 0.3336755853999356
    }, 
    {
      "5sigma": [
        14.457555828755506, 
        16.919936270037088
      ], 
      "3sigma": [
        14.515434095538806, 
        14.963155509920455
      ], 
      "median": 14.670591510531217, 
      "q90%": 14.781192501588183, 
      "q10%": 14.584777961211215, 
      "q25%": 14.622676546431219, 
      "q01%": 14.539670621971183, 
      "q75%": 14.722513414410507, 
      "1sigma": [
        14.600778533290638, 
        14.753675482346317
      ], 
      "2sigma": [
        14.551602360292021, 
        14.85943362314662
      ], 
      "q99%": 14.9036150001567, 
      "sigma": 0.07644847452783932
    }, 
    {
      "5sigma": [
        0.014697857424600403, 
        0.6013464629209188
      ], 
      "3sigma": [
        0.37726010307739316, 
        0.5506192875066878
      ], 
      "median": 0.46775624216131223, 
      "q90%": 0.5027104095591889, 
      "q10%": 0.4315448673233485, 
      "q25%": 0.4481595910659746, 
      "q01%": 0.40317834437737626, 
      "q75%": 0.4863195529457479, 
      "1sigma": [
        0.43878535338176305, 
        0.49588041314600917
      ], 
      "2sigma": [
        0.41261763408720037, 
        0.5226197233945926
      ], 
      "q99%": 0.531440371243099, 
      "sigma": 0.028547529882123057
    }, 
    {
      "5sigma": [
        0.007688985950355055, 
        0.4880641344732899
      ], 
      "3sigma": [
        0.31933817711008355, 
        0.4503888735750418
      ], 
      "median": 0.3833305242042432, 
      "q90%": 0.41136153591072316, 
      "q10%": 0.3563583602925157, 
      "q25%": 0.36921613615212867, 
      "q01%": 0.33485808387444566, 
      "q75%": 0.3977596937784767, 
      "1sigma": [
        0.36237143641781117, 
        0.4049628769558257
      ], 
      "2sigma": [
        0.3423632070517439, 
        0.42566014064460583
      ], 
      "q99%": 0.43475335641984114,