{
  "global evidence": -2.674969329426153, 
  "modes": [
    {
      "index": 0, 
      "local log-evidence": -2.674969329426153, 
      "strictly local log-evidence": -2.674969329426153, 
      "local log-evidence error": 0.11924912428287057, 
      "maximum": [
        3.711283366001755, 
        2.3556707844483387, 
        18.202020729771974, 
        -1.9929075791072979, 
        -1.7, 
        1.0, 
        6.066954150450094, 
        16.209113150664678, 
        1.8713120294476526, 
        1.7290069321512531, 
        1.6659861033485621, 
        0.14088204632343543, 
        0.38452870219448504, 
        0.41298972165376496
      ], 
      "maximum a posterior": [
        3.711283366001755, 
        2.3556707844483387, 
        18.202020729771974, 
        -1.9929075791072979, 
        -1.7, 
        1.0, 
        6.066954150450094, 
        16.209113150664678, 
        1.8713120294476526, 
        1.7290069321512531, 
        1.6659861033485621, 
        0.14088204632343543, 
        0.38452870219448504, 
        0.41298972165376496
      ], 
      "sigma": [
        0.9849137860652772, 
        0.46915050041009243, 
        0.8579453407799883, 
        0.48991514434188327, 
        0.0, 
        1.8250120749944284e-08, 
        1.0301016418319584, 
        0.4034063668384275, 
        1.4803915958946354e+72, 
        1.0223382665067368e+23, 
        1.307848283235646e+33, 
        0.020344375604293786, 
        1902.221005910501, 
        0.2670292245378169
      ], 
      "strictly local log-evidence error": 0.11924912428287068, 
      "mean": [
        4.923106213272989, 
        1.8789555743222373, 
        17.81483764961631, 
        -1.5476741872928228, 
        -1.6999999999999984, 
        0.9999999999999997, 
        6.802061787595218, 
        16.26716346232349, 
        -1.477296427362356e+70, 
        1.754364355542269, 
        357.6839614216142, 
        0.13868989867501683, 
        0.3837483206997501, 
        0.5018414413191389
      ]
    }
  ], 
  "nested sampling global log-evidence": -2.674969329426153, 
  "marginals": [
    {
      "5sigma": [
        2.0032230162831963, 
        6.499527981192825
      ], 
      "3sigma": [
        2.4015829836479847, 
        6.497018609112693
      ], 
      "median": 5.008479985353242, 
      "q90%": 6.223549466047305, 
      "q10%": 3.5740728182324806, 
      "q25%": 4.04482726531031, 
      "q01%": 2.937841173751422, 
      "q75%": 5.770784367104127, 
      "1sigma": [
        3.7340232743970505, 
        6.046826192822145
      ], 
      "2sigma": [
        3.187048097822656, 
        6.42953350436848
      ], 
      "q99%": 6.469879835345554, 
      "sigma": 1.1564014592125473
    }, 
    {
      "5sigma": [
        0.5103049838631227, 
        3.485916326909548
      ], 
      "3sigma": [
        1.0025512540014425, 
        2.94142208717674
      ], 
      "median": 1.8446796738255882, 
      "q90%": 2.5268668543886257, 
      "q10%": 1.2787096694616902, 
      "q25%": 1.4846726772229923, 
      "q01%": 1.0624681045831066, 
      "q75%": 2.259887936682549, 
      "1sigma": [
        1.3656535919423594, 
        2.42306725710293
      ], 
      "2sigma": [
        1.1301010640832325, 
        2.7713799820330745
      ], 
      "q99%": 2.8227433040942924, 
      "sigma": 0.5287068325802854
    }, 
    {
      "5sigma": [
        15.676691718696398, 
        19.989040676982558
      ], 
      "3sigma": [
        16.26444332113138, 
        19.969127398232324
      ], 
      "median": 17.630471275032424, 
      "q90%": 19.10535522607096, 
      "q10%": 16.84236330892694, 
      "q25%": 17.130844397736773, 
      "q01%": 16.443448380408213, 
      "q75%": 18.354982056400704, 
      "1sigma": [
        16.971052782637173, 
        18.764842437339055
      ], 
      "2sigma": [
        16.559313329206038, 
        19.711270558851936
      ], 
      "q99%": 19.858736030879758, 
      "sigma": 0.8968948273509412
    }, 
    {
      "5sigma": [
        -2.7348878048215717, 
        -0.2801600705003648
      ], 
      "3sigma": [
        -2.6689818273977606, 
        -0.5133415837173627
      ], 
      "median": -1.509620643794826, 
      "q90%": -0.9238480697944437, 
      "q10%": -2.221219003411312, 
      "q25%": -1.9197363508633942, 
      "q01%": -2.585512290753944, 
      "q75%": -1.1552101289339733, 
      "1sigma": [
        -2.109932486866857, 
        -1.0311365465676805
      ], 
      "2sigma": [
        -2.5110953699295906, 
        -0.7224156298865777
      ], 
      "q99%": -0.6421175033574651, 
      "sigma": 0.5393979701495883
    }, 
    {
      "5sigma": [
        -1.7, 
        -1.7
      ], 
      "3sigma": [
        -1.7, 
        -1.7
      ], 
      "median": -1.7, 
      "q90%": -1.7, 
      "q10%": -1.7, 
      "q25%": -1.7, 
      "q01%": -1.7, 
      "q75%": -1.7, 
      "1sigma": [
        -1.7, 
        -1.7
      ], 
      "2sigma": [
        -1.7, 
        -1.7
      ], 
      "q99%": -1.7, 
      "sigma": 0.0
    }, 
    {
      "5sigma": [
        1.0, 
        1.0
      ], 
      "3sigma": [
        1.0, 
        1.0
      ], 
      "median": 1.0, 
      "q90%": 1.0, 
      "q10%": 1.0, 
      "q25%": 1.0, 
      "q01%": 1.0, 
      "q75%": 1.0, 
      "1sigma": [
        1.0, 
        1.0
      ], 
      "2sigma": [
        1.0, 
        1.0
      ], 
      "q99%": 1.0, 
      "sigma": 0.0
    }, 
    {
      "5sigma": [
        2.8906180003430935, 
        9.347889754057052
      ], 
      "3sigma": [
        4.861727060869133, 
        9.219863969644909
      ], 
      "median": 6.7385743242613865, 
      "q90%": 8.262929719049726, 
      "q10%": 5.47377425054363, 
      "q25%": 5.934518512788108, 
      "q01%": 5.068024280040418, 
      "q75%": 7.617338647032407, 
      "1sigma": [
        5.654342997228, 
        7.966752683853113
      ], 
      "2sigma": [
        5.189015507199998, 
        8.75832808434219
      ], 
      "q99%": 8.98598656358086, 
      "sigma": 1.1562048433125565
    }, 
    {
      "5sigma": [
        15.228567509628727, 
        17.766848681202745
      ], 
      "3sigma": [
        15.578653524949472, 
        17.35401423335441
      ], 
      "median": 16.163684105399792, 
      "q90%": 16.91365914203658, 
      "q10%": 15.84085301626873, 
      "q25%": 15.953556720953598, 
      "q01%": 15.700467976574329, 
      "q75%": 16.48948405206307, 
      "1sigma": [
        15.892218578065997, 
        16.740580360367986
      ], 
      "2sigma": [
        15.751872433542658, 
        17.203803126933508
      ], 
      "q99%": 17.279446786195322, 
      "sigma": 0.42418089115099455
    }, 
    {
      "5sigma": [
        -1.483640978934886e+74, 
        2.328561669553282
      ], 
      "3sigma": [
        1.6104444728893461, 
        2.137590870525477
      ], 
      "median": 1.8362617942467592, 
      "q90%": 1.958362343248241, 
      "q10%": 1.7394926925703833, 
      "q25%": 1.7833237644798532, 
      "q01%": 1.6654196056520252, 
      "q75%": 1.9007577086968095, 
      "1sigma": [
        1.7627322177044586, 
        1.9332086447383403
      ], 
      "2sigma": [
        1.6937897634205323, 
        2.038100891044366
      ], 
      "q99%": 2.0783848361907378, 
      "sigma": 0.08523821351694083
    }, 
    {
      "5sigma": [
        0.05398435812780265, 
        2.133333952968531
      ], 
      "3sigma": [
        1.4981755851882455, 
        1.9916658917751482
      ], 
      "median": 1.757292910416549, 
      "q90%": 1.855303000608289, 
      "q10%": 1.646765243652112, 
      "q25%": 1.701726941205007, 
      "q01%": 1.5511406710791193, 
      "q75%": 1.8098382046762997, 
      "1sigma": [
        1.6710612984432274, 
        1.8350152309103709
      ], 
      "2sigma": [
        1.5897817541662516, 
        1.9058567147757721
      ], 
      "q99%": 1.9314195415949997, 
      "sigma": 0.08197696623357176
    }, 
    {
      "5sigma": [
        0.007766318396676494, 
        2.1142949658841736
      ],