{
  "global evidence": -3.2335904508409588, 
  "modes": [
    {
      "index": 0, 
      "local log-evidence": -3.2335904508409588, 
      "strictly local log-evidence": -3.2335904508409588, 
      "local log-evidence error": 0.11693449532539289, 
      "maximum": [
        3.1609885115674254, 
        1.9077137651111602, 
        17.25231329483771, 
        -1.3512210891294572, 
        -1.48, 
        1.0, 
        5.068702276678586, 
        15.901092205708252, 
        2.0218041963753786, 
        1.6725875209053858, 
        1.3701409359001244, 
        0.2812441439945834, 
        0.3140722932064947, 
        0.18476412880733797
      ], 
      "maximum a posterior": [
        3.1609885115674254, 
        1.9077137651111602, 
        17.25231329483771, 
        -1.3512210891294572, 
        -1.48, 
        1.0, 
        5.068702276678586, 
        15.901092205708252, 
        2.0218041963753786, 
        1.6725875209053858, 
        1.3701409359001244, 
        0.2812441439945834, 
        0.3140722932064947, 
        0.18476412880733797
      ], 
      "sigma": [
        1.3101147131257689, 
        0.6841763252185262, 
        0.5494536465727117, 
        0.4150426555281159, 
        1.1348386266624791e-07, 
        0.0, 
        0.8951102687425774, 
        0.21497154265944401, 
        0.11583541257908768, 
        3.0569663585493866e+43, 
        5.952519427587421e+74, 
        0.037325811672538886, 
        1.12547160193833e+58, 
        2911378276011354.0
      ], 
      "strictly local log-evidence error": 0.11693449532539282, 
      "mean": [
        3.622026868866576, 
        2.014084505062191, 
        17.25481317082081, 
        -1.2376472465129273, 
        -1.4799999999999964, 
        1.0, 
        5.636111373928775, 
        16.01716592430786, 
        2.007950483452439, 
        700856571.0205417, 
        4.959232858142813e+67, 
        0.28085313966450226, 
        1.0618314060044124e+46, 
        456158942.63518524
      ]
    }
  ], 
  "nested sampling global log-evidence": -3.2335904508409588, 
  "marginals": [
    {
      "5sigma": [
        2.0000420151709926, 
        6.496722132251552
      ], 
      "3sigma": [
        2.0006127837807224, 
        6.478535311873914
      ], 
      "median": 3.247658535998047, 
      "q90%": 5.777599198279804, 
      "q10%": 2.1674557399982537, 
      "q25%": 2.5186082603873117, 
      "q01%": 2.0155234551137458, 
      "q75%": 4.652845467734427, 
      "1sigma": [
        2.2640387989312236, 
        5.326957510475898
      ], 
      "2sigma": [
        2.0428731588421756, 
        6.292638403318691
      ], 
      "q99%": 6.421754290136132, 
      "sigma": 1.5314593557723373
    }, 
    {
      "5sigma": [
        0.7556906311678826, 
        3.498649934460551
      ], 
      "3sigma": [
        0.8504876945232736, 
        3.4935434442582896
      ], 
      "median": 2.0815083543468353, 
      "q90%": 2.917648697460127, 
      "q10%": 1.1079312524120788, 
      "q25%": 1.3607762744008147, 
      "q01%": 0.9164416518191175, 
      "q75%": 2.523342356890947, 
      "1sigma": [
        1.2005723137654147, 
        2.759593276733315
      ], 
      "2sigma": [
        0.9658282706924614, 
        3.255818483030269
      ], 
      "q99%": 3.3869727455107337, 
      "sigma": 0.7795104814839502
    }, 
    {
      "5sigma": [
        15.712640015553848, 
        19.997762908772547
      ], 
      "3sigma": [
        16.150891763360924, 
        19.742645887744008
      ], 
      "median": 17.220429632194033, 
      "q90%": 17.911556326281, 
      "q10%": 16.61950671305265, 
      "q25%": 16.903643368617512, 
      "q01%": 16.28826668212992, 
      "q75%": 17.495652701973444, 
      "1sigma": [
        16.747294131093668, 
        17.64036269455677
      ], 
      "2sigma": [
        16.392700499638917, 
        18.6561953884272
      ], 
      "q99%": 19.209717171911958, 
      "sigma": 0.44653428173155163
    }, 
    {
      "5sigma": [
        -2.6714117474758563, 
        -0.0730803097799197
      ], 
      "3sigma": [
        -2.4996137442159974, 
        -0.2598472774398828
      ], 
      "median": -1.234946005136436, 
      "q90%": -0.6850344823603792, 
      "q10%": -1.7597562939735574, 
      "q25%": -1.5127743365854995, 
      "q01%": -2.2568441767053264, 
      "q75%": -0.9457188448505446, 
      "1sigma": [
        -1.6306001705162638, 
        -0.8010591721624356
      ], 
      "2sigma": [
        -2.1160207739299564, 
        -0.4702041808633896
      ], 
      "q99%": -0.3923927881427295, 
      "sigma": 0.4147704991769141
    }, 
    {
      "5sigma": [
        -1.48, 
        -1.48
      ], 
      "3sigma": [
        -1.48, 
        -1.48
      ], 
      "median": -1.48, 
      "q90%": -1.48, 
      "q10%": -1.48, 
      "q25%": -1.48, 
      "q01%": -1.48, 
      "q75%": -1.48, 
      "1sigma": [
        -1.48, 
        -1.48
      ], 
      "2sigma": [
        -1.48, 
        -1.48
      ], 
      "q99%": -1.48, 
      "sigma": 0.0
    }, 
    {
      "5sigma": [
        1.0, 
        1.0
      ], 
      "3sigma": [
        1.0, 
        1.0
      ], 
      "median": 1.0, 
      "q90%": 1.0, 
      "q10%": 1.0, 
      "q25%": 1.0, 
      "q01%": 1.0, 
      "q75%": 1.0, 
      "1sigma": [
        1.0, 
        1.0
      ], 
      "2sigma": [
        1.0, 
        1.0
      ], 
      "q99%": 1.0, 
      "sigma": 0.0
    }, 
    {
      "5sigma": [
        3.458857708366185, 
        9.220054485689436
      ], 
      "3sigma": [
        4.013535935652312, 
        8.607888899783248
      ], 
      "median": 5.364539440562403, 
      "q90%": 7.071103506945321, 
      "q10%": 4.756660250871071, 
      "q25%": 5.015891347261011, 
      "q01%": 4.2961672631428565, 
      "q75%": 6.0763435993427555, 
      "1sigma": [
        4.867324035064128, 
        6.619907156769907
      ], 
      "2sigma": [
        4.467458173007608, 
        7.792831269049155
      ], 
      "q99%": 8.114126059747818, 
      "sigma": 0.8762915608528896
    }, 
    {
      "5sigma": [
        15.341676852862811, 
        17.517768928923665
      ], 
      "3sigma": [
        15.652282526449888, 
        17.26712289842627
      ], 
      "median": 15.973390584999215, 
      "q90%": 16.234784419011106, 
      "q10%": 15.832431800155685, 
      "q25%": 15.893116223582691, 
      "q01%": 15.733909014834635, 
      "q75%": 16.069237047300614, 
      "1sigma": [
        15.86060230829863, 
        16.14672501026411
      ], 
      "2sigma": [
        15.766716858095478, 
        16.60935493749438
      ], 
      "q99%": 17.005853217314254, 
      "sigma": 0.1430613509827401
    }, 
    {
      "5sigma": [
        1.5161082192222848, 
        2.4745646099804803
      ], 
      "3sigma": [
        1.6726538755318965, 
        2.336542026034864
      ], 
      "median": 2.011119745310191, 
      "q90%": 2.1545687640479447, 
      "q10%": 1.8497956586594448, 
      "q25%": 1.9331806562849136, 
      "q01%": 1.7354383735231294, 
      "q75%": 2.089256070672135, 
      "1sigma": [
        1.8888422936989366, 
        2.1249405292833674
      ], 
      "2sigma": [
        1.769776751700406, 
        2.218412522482604
      ], 
      "q99%": 2.260706943372023, 
      "sigma": 0.11804911779221539
    }, 
    {
      "5sigma": [
        1.2641810407492033, 
        2.0728447817488527
      ], 
      "3sigma": [
        1.4145442461200946, 
        1.920912396908985
      ], 
      "median": 1.6498936793101566, 
      "q90%": 1.772985597329063, 
      "q10%": 1.5485054876959774, 
      "q25%": 1.5946402416764487, 
      "q01%": 1.4658445926302826, 
      "q75%": 1.7158503043751927, 
      "1sigma": [
        1.5704391238418465, 
        1.74616279239054
      ], 
      "2sigma": [
        1.4962004135469418, 
        1.8309619577546725
      ], 
      "q99%": 1.8601072838770771, 
      "sigma": 0.0878618342743468
    }, 
    {
      "5sigma": [
        0.3890766345669395, 
        2.0397186108049232
      ],