{
  "global evidence": 0.333596664602617, 
  "modes": [
    {
      "index": 0, 
      "local log-evidence": 0.333596664602617, 
      "strictly local log-evidence": 0.333596664602617, 
      "local log-evidence error": 0.12656715756557266, 
      "maximum": [
        6.378884225741885, 
        1.3527798438277312, 
        17.277438949819697, 
        -1.3253325966113398, 
        -2.0, 
        1.0, 
        7.731664069569616, 
        15.952106353208357, 
        0.9569250236447779, 
        0.8680406835038599, 
        0.7649726720638591, 
        0.059382303838826145, 
        0.14472072615497358, 
        0.15833705060209297
      ], 
      "maximum a posterior": [
        6.378884225741885, 
        1.3527798438277312, 
        17.277438949819697, 
        -1.3253325966113398, 
        -2.0, 
        1.0, 
        7.731664069569616, 
        15.952106353208357, 
        0.9569250236447779, 
        0.8680406835038599, 
        0.7649726720638591, 
        0.059382303838826145, 
        0.14472072615497358, 
        0.15833705060209297
      ], 
      "sigma": [
        1.1591723292226361, 
        0.4823057256394759, 
        0.7525534768785942, 
        0.44445311014852695, 
        NaN, 
        NaN, 
        1.084350612285047, 
        0.3551550566839234, 
        0.04743110257224389, 
        0.04129600238946278, 
        2.4121351237687813e+29, 
        0.003374055819664708, 
        0.050059088143821824, 
        0.1187110539733343
      ], 
      "strictly local log-evidence error": 0.12656715756557266, 
      "mean": [
        4.63286683121847, 
        1.8425755499456957, 
        17.832647041240588, 
        -1.7525608268981383, 
        -2.000000000000001, 
        1.0000000000000004, 
        6.4754423811641715, 
        16.08008621434243, 
        0.9448534268101594, 
        0.862601661776664, 
        0.7919904234902406, 
        0.05928213701167018, 
        0.14440413496481683, 
        0.18052792993473288
      ]
    }
  ], 
  "nested sampling global log-evidence": 0.333596664602617, 
  "marginals": [
    {
      "5sigma": [
        2.0018030405688054, 
        6.494711225877305
      ], 
      "3sigma": [
        2.0103905210256108, 
        6.488364655142863
      ], 
      "median": 4.731232528746061, 
      "q90%": 6.159304058571381, 
      "q10%": 3.160456931398751, 
      "q25%": 3.715742097529867, 
      "q01%": 2.075007923550189, 
      "q75%": 5.625665020552561, 
      "1sigma": [
        3.428305164983602, 
        5.928493920177258
      ], 
      "2sigma": [
        2.1888635354470267, 
        6.388574386838003
      ], 
      "q99%": 6.456894633024935, 
      "sigma": 1.2500943775968283
    }, 
    {
      "5sigma": [
        0.6008607349198081, 
        3.492339306441979
      ], 
      "3sigma": [
        0.952755599979267, 
        3.2506450544379333
      ], 
      "median": 1.7711731514621971, 
      "q90%": 2.524869030301211, 
      "q10%": 1.2593098802256695, 
      "q25%": 1.4453811636702696, 
      "q01%": 1.0602047683311042, 
      "q75%": 2.2098249707986852, 
      "1sigma": [
        1.3338944668950004, 
        2.3796664392563294
      ], 
      "2sigma": [
        1.1202155724683647, 
        2.8049392864952845
      ], 
      "q99%": 3.059522738418882, 
      "sigma": 0.5228859861806645
    }, 
    {
      "5sigma": [
        16.29329523112094, 
        19.990952189143925
      ], 
      "3sigma": [
        16.536175025136906, 
        19.976041201509386
      ], 
      "median": 17.642607133131502, 
      "q90%": 18.940330506647662, 
      "q10%": 17.022511037404268, 
      "q25%": 17.280928848881263, 
      "q01%": 16.692768439724947, 
      "q75%": 18.240432327011373, 
      "1sigma": [
        17.147937392277065, 
        18.616156700585677
      ], 
      "2sigma": [
        16.79578219646909, 
        19.708321741188854
      ], 
      "q99%": 19.8825508209094, 
      "sigma": 0.734109654154306
    }, 
    {
      "5sigma": [
        -2.8738125207426966, 
        -0.5218591435826667
      ], 
      "3sigma": [
        -2.8461692606114886, 
        -0.7782792292231502
      ], 
      "median": -1.709648462442982, 
      "q90%": -1.2025211318818505, 
      "q10%": -2.3786345020357906, 
      "q25%": -2.051295404278314, 
      "q01%": -2.7839287548865284, 
      "q75%": -1.4219881356955355, 
      "1sigma": [
        -2.250882969180247, 
        -1.2910848431338242
      ], 
      "2sigma": [
        -2.699626428797391, 
        -1.0027622855391267
      ], 
      "q99%": -0.9182584496223497, 
      "sigma": 0.4798990630232114
    }, 
    {
      "5sigma": [
        -2.0, 
        -2.0
      ], 
      "3sigma": [
        -2.0, 
        -2.0
      ], 
      "median": -2.0, 
      "q90%": -2.0, 
      "q10%": -2.0, 
      "q25%": -2.0, 
      "q01%": -2.0, 
      "q75%": -2.0, 
      "1sigma": [
        -2.0, 
        -2.0
      ], 
      "2sigma": [
        -2.0, 
        -2.0
      ], 
      "q99%": -2.0, 
      "sigma": 0.0
    }, 
    {
      "5sigma": [
        1.0, 
        1.0
      ], 
      "3sigma": [
        1.0, 
        1.0
      ], 
      "median": 1.0, 
      "q90%": 1.0, 
      "q10%": 1.0, 
      "q25%": 1.0, 
      "q01%": 1.0, 
      "q75%": 1.0, 
      "1sigma": [
        1.0, 
        1.0
      ], 
      "2sigma": [
        1.0, 
        1.0
      ], 
      "q99%": 1.0, 
      "sigma": 0.0
    }, 
    {
      "5sigma": [
        3.8049288742908205, 
        9.15504983090215
      ], 
      "3sigma": [
        4.462396108156397, 
        9.069430011578982
      ], 
      "median": 6.338970135984502, 
      "q90%": 7.984282661529159, 
      "q10%": 5.139783643766444, 
      "q25%": 5.514179185423307, 
      "q01%": 4.700310701800169, 
      "q75%": 7.366898920116099, 
      "1sigma": [
        5.280004431600941, 
        7.713073778825026
      ], 
      "2sigma": [
        4.819175979045411, 
        8.566553244851557
      ], 
      "q99%": 8.821847912532247, 
      "sigma": 1.2165346736120428
    }, 
    {
      "5sigma": [
        15.562333733392753, 
        17.21992180871726
      ], 
      "3sigma": [
        15.627300480745035, 
        17.1644049632876
      ], 
      "median": 15.972004444973292, 
      "q90%": 16.636645512535875, 
      "q10%": 15.732661075383001, 
      "q25%": 15.815352739052448, 
      "q01%": 15.660457145138912, 
      "q75%": 16.227791577920854, 
      "1sigma": [
        15.760577552926266, 
        16.421587948262165
      ], 
      "2sigma": [
        15.68365233376297, 
        17.029306432340046
      ], 
      "q99%": 17.094118862398656, 
      "sigma": 0.33050519766794917
    }, 
    {
      "5sigma": [
        0.060830024509252484, 
        1.1877014927327174
      ], 
      "3sigma": [
        0.8193698187681369, 
        1.097198555926704
      ], 
      "median": 0.9413431525779671, 
      "q90%": 1.0079385725574328, 
      "q10%": 0.8875942532168789, 
      "q25%": 0.911245479985484, 
      "q01%": 0.8476758588942922, 
      "q75%": 0.9757820272044434, 
      "1sigma": [
        0.8973711928933399, 
        0.9922685388789189
      ], 
      "2sigma": [
        0.8626519327402096, 
        1.0472524781135104
      ], 
      "q99%": 1.0646323790518002, 
      "sigma": 0.04744867299278949
    }, 
    {
      "5sigma": [
        0.0334586591153226, 
        1.0365945843814426
      ], 
      "3sigma": [
        0.7410642754509562, 
        0.9746374484806885
      ], 
      "median": 0.8640452092616362, 
      "q90%": 0.9149707676976192, 
      "q10%": 0.8077395979737253, 
      "q25%": 0.835562672017952, 
      "q01%": 0.7665095755528071, 
      "q75%": 0.8911005281034249, 
      "1sigma": [
        0.8191926427883389, 
        0.905609355530691
      ], 
      "2sigma": [
        0.7782394797164658, 
        0.938271013204848
      ], 
      "q99%": 0.9506374632381848, 
      "sigma": 0.04320835637117604
    }, 
    {
      "5sigma": [
        0.012644704053771964, 
        1.0290122390763161
      ],