{
  "global evidence": 0.3158223325374159, 
  "modes": [
    {
      "index": 0, 
      "local log-evidence": 0.3158223325374159, 
      "strictly local log-evidence": 0.3158223325374159, 
      "local log-evidence error": 0.12652475690900947, 
      "maximum": [
        4.5240567912094445, 
        1.3582037402873874, 
        17.2148003095409, 
        -1.329592568199216, 
        -2.0, 
        1.0, 
        5.882260531496832, 
        15.885207741341686, 
        0.9513298752739293, 
        0.8623767865426072, 
        0.7514195127040633, 
        0.05941129978949883, 
        0.1368004869857491, 
        0.12252117537361579
      ], 
      "maximum a posterior": [
        4.5240567912094445, 
        1.3582037402873874, 
        17.2148003095409, 
        -1.329592568199216, 
        -2.0, 
        1.0, 
        5.882260531496832, 
        15.885207741341686, 
        0.9513298752739293, 
        0.8623767865426072, 
        0.7514195127040633, 
        0.05941129978949883, 
        0.1368004869857491, 
        0.12252117537361579
      ], 
      "sigma": [
        1.0823227513673537, 
        0.4871763644205495, 
        0.8267911878390756, 
        0.4646958006784994, 
        2.1073424255447017e-08, 
        1.0536712127723509e-08, 
        1.0766181557683296, 
        0.3797043382741293, 
        0.04716883809947001, 
        5.731281403636508e+16, 
        3.1644483960817136e+38, 
        0.003315680852506239, 
        0.049929821794370666, 
        0.12375194716760993
      ], 
      "strictly local log-evidence error": 0.12652475690900947, 
      "mean": [
        4.998761228834252, 
        1.777668847929465, 
        17.851614455871616, 
        -1.7074285982352315, 
        -1.9999999999999998, 
        0.9999999999999999, 
        6.776430076763721, 
        16.14418585763637, 
        0.9418292236100212, 
        0.8691890453429372, 
        0.7859687391007054, 
        0.05913924028122595, 
        0.15260125681001338, 
        0.20624480543845408
      ]
    }
  ], 
  "nested sampling global log-evidence": 0.3158223325374159, 
  "marginals": [
    {
      "5sigma": [
        2.000329862189082, 
        6.499374989851906
      ], 
      "3sigma": [
        2.002584640704398, 
        6.494596533280497
      ], 
      "median": 5.173517229474112, 
      "q90%": 6.236513496277625, 
      "q10%": 3.539742637975311, 
      "q25%": 4.468799870221233, 
      "q01%": 2.066025109934831, 
      "q75%": 5.82299634399772, 
      "1sigma": [
        4.018574413737872, 
        6.081232503967755
      ], 
      "2sigma": [
        2.20138098693617, 
        6.440777114646539
      ], 
      "q99%": 6.474584717953718, 
      "sigma": 1.0313290451149415
    }, 
    {
      "5sigma": [
        0.553964817193386, 
        3.473445232107847
      ], 
      "3sigma": [
        0.9662691148676287, 
        3.257869929242306
      ], 
      "median": 1.642954480248657, 
      "q90%": 2.5344910230632545, 
      "q10%": 1.229751299393471, 
      "q25%": 1.400051821146433, 
      "q01%": 1.0482979924135818, 
      "q75%": 2.1079945000415004, 
      "1sigma": [
        1.3028659138615284, 
        2.3500025354597645
      ], 
      "2sigma": [
        1.106370983505204, 
        2.8067584519337245
      ], 
      "q99%": 3.0326839162837653, 
      "sigma": 0.523568310799118
    }, 
    {
      "5sigma": [
        16.311600142026954, 
        19.994190404552153
      ], 
      "3sigma": [
        16.55132881050941, 
        19.983727633761365
      ], 
      "median": 17.567542409490652, 
      "q90%": 19.184341477273527, 
      "q10%": 16.99321053377791, 
      "q25%": 17.22516184161678, 
      "q01%": 16.68554553622438, 
      "q75%": 18.392545408968736, 
      "1sigma": [
        17.09782168090594, 
        18.785180124481084
      ], 
      "2sigma": [
        16.79025856994964, 
        19.756295815132084
      ], 
      "q99%": 19.912660146524114, 
      "sigma": 0.8436792217875713
    }, 
    {
      "5sigma": [
        -2.945595288357289, 
        -0.5809902126119991
      ], 
      "3sigma": [
        -2.8668486621300886, 
        -0.7801305331554844
      ], 
      "median": -1.6114202804482436, 
      "q90%": -1.1672248821557543, 
      "q10%": -2.4333259625633623, 
      "q25%": -2.016057827072712, 
      "q01%": -2.80618377294243, 
      "q75%": -1.3635841043241579, 
      "1sigma": [
        -2.222400527399167, 
        -1.2576088272402306
      ], 
      "2sigma": [
        -2.7279708516165737, 
        -0.9977631510403807
      ], 
      "q99%": -0.9086578296361837, 
      "sigma": 0.48239585007946817
    }, 
    {
      "5sigma": [
        -2.0, 
        -2.0
      ], 
      "3sigma": [
        -2.0, 
        -2.0
      ], 
      "median": -2.0, 
      "q90%": -2.0, 
      "q10%": -2.0, 
      "q25%": -2.0, 
      "q01%": -2.0, 
      "q75%": -2.0, 
      "1sigma": [
        -2.0, 
        -2.0
      ], 
      "2sigma": [
        -2.0, 
        -2.0
      ], 
      "q99%": -2.0, 
      "sigma": 0.0
    }, 
    {
      "5sigma": [
        1.0, 
        1.0
      ], 
      "3sigma": [
        1.0, 
        1.0
      ], 
      "median": 1.0, 
      "q90%": 1.0, 
      "q10%": 1.0, 
      "q25%": 1.0, 
      "q01%": 1.0, 
      "q75%": 1.0, 
      "1sigma": [
        1.0, 
        1.0
      ], 
      "2sigma": [
        1.0, 
        1.0
      ], 
      "q99%": 1.0, 
      "sigma": 0.0
    }, 
    {
      "5sigma": [
        3.5459748586503315, 
        9.151552262771162
      ], 
      "3sigma": [
        4.451950617730342, 
        9.11265896811786
      ], 
      "median": 6.878893611484494, 
      "q90%": 8.098906947566796, 
      "q10%": 5.140137575282998, 
      "q25%": 5.955361862614278, 
      "q01%": 4.630338931326409, 
      "q75%": 7.6316846220921635, 
      "1sigma": [
        5.439226795780808, 
        7.889357958704924
      ], 
      "2sigma": [
        4.778789614800179, 
        8.592446840258525
      ], 
      "q99%": 8.771849043824885, 
      "sigma": 1.225065581462058
    }, 
    {
      "5sigma": [
        15.554297569864028, 
        17.20824154942694
      ], 
      "3sigma": [
        15.627535880554557, 
        17.176703277237944
      ], 
      "median": 16.025401492478604, 
      "q90%": 16.750519797405918, 
      "q10%": 15.746293269703848, 
      "q25%": 15.84614082220217, 
      "q01%": 15.663213106783683, 
      "q75%": 16.379689980469106, 
      "1sigma": [
        15.789882038906788, 
        16.574288616804036
      ], 
      "2sigma": [
        15.681856844352435, 
        17.04087806450341
      ], 
      "q99%": 17.104400035581634, 
      "sigma": 0.39220328894862444
    }, 
    {
      "5sigma": [
        0.05794178047559881, 
        1.1850423600380384
      ], 
      "3sigma": [
        0.8258440730102086, 
        1.0917455856052858
      ], 
      "median": 0.939387903199977, 
      "q90%": 1.0035000141709316, 
      "q10%": 0.8848049089052216, 
      "q25%": 0.9079280057931033, 
      "q01%": 0.8440697166927142, 
      "q75%": 0.9723166878245123, 
      "1sigma": [
        0.8943192577984267, 
        0.9885893510433004
      ], 
      "2sigma": [
        0.8568172446713576, 
        1.0441799261176827
      ], 
      "q99%": 1.0608499669366274, 
      "sigma": 0.04713504662243684
    }, 
    {
      "5sigma": [
        0.030504289973689126, 
        1.04972833598886
      ], 
      "3sigma": [
        0.7376383572121842, 
        0.9786324733855003
      ], 
      "median": 0.8716115136696521, 
      "q90%": 0.9210779551365764, 
      "q10%": 0.8141458369647414, 
      "q25%": 0.8422120793298894, 
      "q01%": 0.7679723831804837, 
      "q75%": 0.8973495341997137, 
      "1sigma": [
        0.8271129787277256, 
        0.9091735201517139
      ], 
      "2sigma": [
        0.7819767228978307, 
        0.9459385786079639
      ], 
      "q99%": 0.9604196650255779,